日期(年/月),單位,天然氣供給_合計,天然氣供給_自產量,天然氣供給_進口量,天然氣轉變投入_合計,天然氣轉變投入_煉油廠,天然氣轉變投入_發電及汽電,天然氣消費_合計,天然氣消費_能源部門自用,天然氣消費_工業部門,天然氣消費_運輸部門,天然氣消費_農業部門,天然氣消費_服務業部門,天然氣消費_住宅部門,天然氣消費_非能源消費,自產天然氣可供市場銷售之NG1_小計,自產天然氣可供市場銷售之NG1_自產量,自產天然氣可供市場銷售之NG1_由LNG來之調整量,自產天然氣轉變投入_發電及汽電,自產天然氣NG1消費_合計,自產天然氣NG1消費_能源部門自用,自產天然氣NG1消費_工業部門,自產天然氣NG1消費_運輸部門,自產天然氣NG1消費_農業部門,自產天然氣NG1消費_服務業部門,自產天然氣NG1消費_住宅部門,自產天然氣NG1消費_非能源消費,(進口)液化天然氣進口量,(進口)液化天然氣可供市場銷售之NG2可供市場銷售之NG2,(進口)液化天然氣轉變投入_小計,(進口)液化天然氣轉變投入_煉油廠,(進口)液化天然氣轉變投入_發電及汽電,(進口)液化天然氣NG2消費_小計,(進口)液化天然氣NG2消費_能源部門自用,(進口)液化天然氣NG2消費_工業部門,(進口)液化天然氣NG2消費_運輸部門,(進口)液化天然氣NG2消費_農業部門,(進口)液化天然氣NG2消費_服務業部門,(進口)液化天然氣NG2消費_住宅部門,(進口)液化天然氣NG2消費_非能源消費
200401,千立方公尺,565190.8418667875,86044,479146.8418667875,285093.66164735,0,285093.66164735,223878.63335265,37435.5747062,72059.27864645,0,0,28590.573,85793.207,0,138040.375,86044,51996.375,8824.08618134,122367.21081866,1403,25200.36081866,0,0,19551.236,76212.614,0,479146.8418667875,443508.423,276269.57546601,0,276269.57546601,101511.42253399,36032.5747062,46858.91782779,0,0,9039.337,9580.593,0
200402,千立方公尺,652579.3966651564,103770.12,548809.2766651564,318348.23075306,0,318348.23075306,270559.26784694,45485.62089117,84305.49287577,0,0,33889.915,106878.23908,0,154139.205,103770.12,50369.085,10584.24764871,156708.34799129,4053.29992,32604.87911129,0,0,24109.31932,95940.84964,0,548809.2766651564,497129.5014,307763.98310435,0,307763.98310435,113850.91985565,41432.32097117,51700.61376448,0,0,9780.59568,10937.38944,0
200403,千立方公尺,796680.6048935206,87465,709215.6048935206,556518.74090604,0,556518.74090604,236292.37209396,34289.76192235,81976.61417161,0,0,27175.233,92850.763,0,157768.5,87465,70303.5,11739.10580809,133955.02219191,1044.53,31293.74019191,0,0,18932.49,82684.262,0,709215.6048935206,656785.039,544779.63509795,0,544779.63509795,102337.34990205,33245.23192235,50682.8739797,0,0,8242.743,10166.501,0
200404,千立方公尺,852485.7489805166,66944,785541.7489805166,652832.00565816,0,652832.00565816,225758.94434184,35773.23127691,77993.33306493,0,0,26312.637,85679.743,0,129164.375,66944,62220.375,11008.81959356,124928.72340644,916,29735.69240644,0,0,18172.154,76104.877,0,785541.7489805166,774848.162,641823.1860646,0,641823.1860646,100830.2209354,34857.23127691,48257.64065849,0,0,8140.483,9574.866,0
200405,千立方公尺,855412.503851382,61748,793664.503851382,671007.09824562,0,671007.09824562,215721.30975438,41414.94829673,78572.52045765,0,0,22532.034,73201.807,0,109282.0625,61748,47534.0625,9791.29876149,116746.00823851,1294.307,30043.56623851,0,0,17400.824,68007.311,0,793664.503851382,784244.496,661215.79948413,0,661215.79948413,98975.30151587,40120.64129673,48528.95421914,0,0,5131.21,5194.496,0
200406,千立方公尺,844885.537834164,55946,788939.537834164,634124.96852999,0,634124.96852999,214134.77547001,49498.57977307,74485.52869694,0,0,22853.217,67297.45,0,104271.1625,55946,48325.1625,9900.34932212,106671.87167788,934,29085.36567788,0,0,16184.042,60468.464,0,788939.537834164,793907.298,624224.61920787,0,624224.61920787,107462.90379213,48564.57977307,45400.16301906,0,0,6669.175,6828.986,0
200407,千立方公尺,933174.4671499773,60487,872687.4671499773,736933.39341767,0,736933.39341767,214990.41858233,49178.10420882,81425.05737351,0,0,21243.656,63143.601,0,97042.975,60487,36555.975,9792.77594635,103439.59305365,864.364,30577.67105365,0,0,16609.173,55388.385,0,872687.4671499773,822062.045,727140.61747132,0,727140.61747132,111550.82552868,48313.74020882,50847.38631986,0,0,4634.483,7755.216,0
200408,千立方公尺,923481.3253285002,55715,867766.3253285002,736878.48112847,0,736878.48112847,205574.31187153,42155.82425048,81618.54962105,0,0,22989.962,58809.976,0,93516.2375,55715,37801.2375,7566.00716279,98038.31183721,729.175,28765.74783721,0,0,18169.232,50374.157,0,867766.3253285002,880736.307,729312.47396568,0,729312.47396568,107536.00003432,41426.64925048,52852.80178384,0,0,4820.73,8435.819,0
200409,千立方公尺,835417.5677390122,51956,783461.5677390122,622445.43177887,0,622445.43177887,203278.41522113,36914.50454821,80563.72967292,0,0,27570.335,58229.846,0,110403.125,51956,58447.125,6813.85045502,103218.10754498,680.265,29513.45254498,0,0,22635.973,50388.417,0,783461.5677390122,796928.267,615631.58132385,0,615631.58132385,100060.30767615,36234.23954821,51050.27712794,0,0,4934.362,7841.429,0
200410,千立方公尺,767887.1948346171,52257,715630.1948346171,579992.25375282,884,579108.25375282,211122.09224718,37004.41196724,81269.15627994,0,0,24853.493,67995.031,0,111123.75,52257,58866.75,8445.97512438,105543.95087562,513.837,30354.41987562,0,0,16761.999,57913.695,0,715630.1948346171,732111,571546.27862844,884,570662.27862844,105578.14137156,36490.57496724,50914.73640432,0,0,8091.494,10081.336,0
200411,千立方公尺,764937.9429089262,56080,708857.9429089262,598645.97963185,4551,594094.97963185,213466.71836815,37142.77888259,79749.06648556,0,0,26449.781,70125.092,0,121088.125,56080,65008.125,9904.87529569,110295.46170431,838,30312.20670431,0,0,17761.309,61383.946,0,708857.9429089262,738855,588741.10433616,4551,584190.10433616,103171.25666384,36304.77888259,49436.85978125,0,0,8688.472,8741.146,0
200412,千立方公尺,1075946.9084730403,56941,1019005.9084730403,571052.91015898,5022,566030.91015898,229973.08784102,45031.38436087,82144.09748015,0,0,28807.629,73989.977,0,132152.875,56941,75211.875,6383.9672483,120586.2987517,359.447,32663.7537517,0,0,20991.22,66571.878,0,1019005.9084730403,732923,564668.94291068,5022,559646.94291068,109386.78908932,44671.93736087,49480.34372845,0,0,7816.409,7418.099,0
200501,千立方公尺,465009.242410512,67514,397495.242410512,445518.20375384,0,445518.20375384,236019.31024616,27422.20645632,86190.12478984,0,0,33911.89,88495.089,0,158774,67514,91260,3244.40087204,136088.51112796,818,33654.48712796,0,0,23541.461,78074.563,0,397495.242410512,600188,442273.8028818,0,442273.8028818,99930.7991182,26604.20645632,52535.63766188,0,0,10370.429,10420.526,0
200502,千立方公尺,526006.21295876754,49616,476390.21295876754,325345.00759035,0,325345.00759035,211079.89740965,25017.00516502,65717.04724463,0,0,29366.468,90979.377,0,131460.875,49616,81844.875,74.14255882,122846.48244118,230.509,21667.40244118,0,0,21112.352,79836.219,0,476390.21295876754,469706,325270.86503153,0,325270.86503153,88233.41496847,24786.49616502,44049.64480345,0,0,8254.116,11143.158,0
200503,千立方公尺,692397.378794744,58225,634172.378794744,476829.96561918,0,476829.96561918,247027.40838082,27327.12763953,85816.66474129,0,0,34304.959,99578.657,0,159112.75,58225,100887.75,243.21790483,145478.92309517,352.106,34120.83009517,0,0,22210.108,88795.879,0,634172.378794744,647346,476586.74771435,0,476586.74771435,101548.48528565,26975.02163953,51695.83464612,0,0,12094.851,10782.778,0
200504,千立方公尺,842033.7553239692,49014,793019.7553239692,601313.01153445,0,601313.01153445,232747.03446555,28667.78188569,78371.90857986,0,0,32752.943,92954.401,0,128167.875,49014,79153.875,279.17572155,134551.64627845,299.73,31512.30927845,0,0,20943.042,81796.565,0,793019.7553239692,752171,601033.8358129,0,601033.8358129,98195.3881871,28368.05188569,46859.59930141,0,0,11809.901,11157.836,0
200505,千立方公尺,909059.2637063888,38885,870174.2637063888,727398.48805272,115,727283.48805272,214225.69794728,28589.21653859,78971.80640869,0,0,28831.673,77833.002,0,115707.875,38885,76822.875,295.5993303,121034.7376697,212,31271.1936697,0,0,19512.727,70038.817,0,870174.2637063888,875111,727102.88872242,115,726987.88872242,93190.96027758,28377.21653859,47700.61273899,0,0,9318.946,7794.185,0
200506,千立方公尺,908853.197100136,42618,866235.197100136,663157.75192253,5577,657580.75192253,207844.22907747,31938.90265017,74871.0954273,0,0,29303.896,71730.335,0,105178.125,42618,62560.125,126.1525125,110553.6824875,217.18,30265.0924875,0,0,18090.464,61980.946,0,866235.197100136,805306,663031.59941003,5577,657454.59941003,97290.54658997,31721.72265017,44606.0029398,0,0,11213.432,9749.389,0
200507,千立方公尺,964649.00362483,38073,926576.00362483,824278.15492194,1740,822538.15492194,202302.63907806,31265.02747694,80863.68760112,0,0,25259.799,64914.125,0,106617,38073,68544,223.47143151,102059.79556849,269.302,29759.34956849,0,0,17278.221,54752.923,0,926576.00362483,974515,824054.68349043,1740,822314.68349043,100242.84350957,30995.72547694,51104.33803263,0,0,7981.578,10161.202,0
200508,千立方公尺,1135464.5333031265,37895,1097569.5333031265,794835.04603903,0,794835.04603903,199660.46996097,32969.7647887,81262.19317227,0,0,23756.267,61672.245,0,99287.375,37895,61392.375,270.59826446,99579.48473554,205.489,31070.06373554,0,0,15886.731,52417.201,0,1097569.5333031265,943551,794564.44777457,0,794564.44777457,100080.98522543,32764.2757887,50192.12943673,0,0,7869.536,9255.044,0
200509,千立方公尺,896333.5944721341,38269,858064.5944721341,833802.75087601,0,833802.75087601,202431.97212399,41119.22998252,78152.76814147,0,0,24933.06,58226.914,0,99277.75,38269,61008.75,273.48929823,96388.00170177,262.645,29586.94770177,0,0,16626.668,49911.741,0,858064.5944721341,998580,833529.26157778,0,833529.26157778,106043.97042222,40856.58498252,48565.8204397,0,0,8306.392,8315.173,0
200510,千立方公尺,984152.1717263253,38269,945883.1717263253,746849.39521423,625,746224.39521423,236559.73378577,40359.99902554,79222.85876023,0,0,35904.346,81072.53,0,110747.125,38269,72478.125,203.65263189,125997.79336811,221.332,30798.50036811,0,0,23742.198,71235.763,0,945883.1717263253,928197,746645.74258234,625,746020.74258234,110561.94041766,40138.66702554,48424.35839212,0,0,12162.148,9836.767,0
200511,千立方公尺,910182.3402809243,39215,870967.3402809243,641600.98473554,1233,640367.98473554,209410.22226446,33987.63383269,78168.87143177,0,0,30355.809,66897.908,0,119092.25,39215,79877.25,218.70067981,106978.55932019,257.905,30351.72932019,0,0,18382.339,57986.586,0,870967.3402809243,813392,641382.28405573,1233,640149.28405573,102431.66294427,33729.72883269,47817.14211158,0,0,11973.47,8911.322,0
200512,千立方公尺,686319.7548708654,49877,636442.7548708654,455120.38397968,0,455120.38397968,239775.65102032,38736.33441964,84172.90760068,0,0,33279.019,83587.39,0,156821.75,49877,106944.75,222.27038035,126304.21861965,329.463,32543.34561965,0,0,20494.819,72936.591,0,636442.7548708654,685148,454898.11359933,0,454898.11359933,113471.43240067,38406.87141964,51629.56198103,0,0,12784.2,10650.799,0
200601,千立方公尺,519816.9850475759,46498,473318.9850475759,362624.72220487,0,362624.72220487,233740.37179513,30112.09143824,78979.61135689,0,0,35090.311,89558.358,0,143300.875,46498,96802.875,179.79277336,128306.89022664,244.852,28781.93122664,0,0,21475.765,77804.342,0,473318.9850475759,541554,362444.92943151,0,362444.92943151,105433.48156849,29867.23943824,50197.68013025,0,0,13614.546,11754.016,0
200602,千立方公尺,521972.20661531494,43820,478152.20661531494,325415.99922999,4575,320840.99922999,222747.04577001,25385.19470026,69994.16506975,0,0,35269.189,92098.497,0,128975.75,43820,85155.75,208.73864349,127781.00735651,259.612,24006.35635651,0,0,22556.071,80958.968,0,478152.20661531494,480167,325207.2605865,4575,320632.2605865,94966.0384135,25125.58270026,45987.80871324,0,0,12713.118,11139.529,0
200603,千立方公尺,820641.2365201631,48327,772314.2365201631,555520.83679121,755,554765.83679121,246766.73120879,31539.15632171,85772.18288708,0,0,34340.32,95115.072,0,147858,48327,99531,235.72380742,135409.94719258,296.384,30981.66919258,0,0,21389.124,82742.77,0,772314.2365201631,738541,555285.11298379,755,554530.11298379,111356.78401621,31242.77232171,54790.5136945,0,0,12951.196,12372.302,0
200604,千立方公尺,861705.3652016312,40843,820862.3652016312,616964.44215769,0,616964.44215769,229644.06484231,27563.60719243,79710.35064988,0,0,33184.437,89185.67,0,123847.75,40843,83004.75,237.37888562,126708.59911438,239.902,28539.17211438,0,0,20121.681,77807.844,0,820862.3652016312,786131,616727.06327207,0,616727.06327207,102935.46572793,27323.70519243,51171.1785355,0,0,13062.756,11377.826,0
200605,千立方公尺,1073109.4299954689,36416,1036693.4299954689,717425.37684566,0,717425.37684566,217867.69115434,24842.14978039,82882.07337395,0,0,30873.9,79269.568,0,116996.375,36416,80580.375,230.58310856,117305.93589144,292.296,28991.09189144,0,0,19009.694,69012.854,0,1036693.4299954689,888628,717194.7937371,0,717194.7937371,100561.7552629,24549.85378039,53890.98148251,0,0,11864.206,10256.714,0
200606,千立方公尺,901617.3937471681,34564,867053.3937471681,755117.02147093,5438,749679.02147093,219728.02452907,35102.52764357,81678.1218855,0,0,31141.218,71806.157,0,106319.875,34564,71755.875,158.098,108155.549,199.166,28498.857,0,0,17963.609,61493.917,0,867053.3937471681,916845,754958.92347093,5438,749520.92347093,111572.47552907,34903.36164357,53179.2648855,0,0,13177.609,10312.24,0
200607,千立方公尺,1059571.9093792478,31012,1028559.9093792478,842290.38788001,6979,835311.38788001,207258.22111999,30213.42614508,87548.10497491,0,0,26747.68,62749.01,0,95902,31012,64890,116.09045,99003.97855,180.57,28116.81955,0,0,17665.217,53041.372,0,1028559.9093792478,1009526,842174.29743001,6979,835195.29743001,108254.24256999,30032.85614508,59431.28542491,0,0,9082.463,9707.638,0
200608,千立方公尺,1150952.458087902,31925,1119027.458087902,949343.27710178,7690,941653.27710178,198391.44489822,25994.37415803,88300.10174019,0,0,25774.888,58322.081,0,96434.75,31925,64509.75,175.952975,94438.203025,182.924,28572.925025,0,0,16681.91,49000.444,0,1119027.458087902,1105824,949167.32412678,7690,941477.32412678,103953.24187322,25811.45015803,59727.17671519,0,0,9092.978,9321.637,0
200609,千立方公尺,908616.9333937472,33436,875180.9333937472,742235.2272895,1564,740671.2272895,196466.4267105,29173.17296206,83782.92374844,0,0,27112.858,56397.472,0,100284.625,33436,66848.625,0.186,93727.864,194.88,28324.983,0,0,17905.416,47302.585,0,875180.9333937472,931340,742235.0412895,1564,740671.0412895,102738.5627105,28978.29296206,55457.94074844,0,0,9207.442,9094.887,0
200610,千立方公尺,1076758.3937471681,35465,1041293.3937471681,708087.37243893,0,708087.37243893,198591.21456107,31691.25436042,80962.74720065,0,0,27766.168,58171.045,0,109488.875,35465,74023.875,0.171,98916.013,249.889,28706.408,0,0,17520.642,52439.074,0,1041293.3937471681,909702,708087.20143893,0,708087.20143893,99675.20156107,31441.36536042,52256.33920065,0,0,10245.526,5731.971,0
200611,千立方公尺,830669.7675577707,38031,792638.7675577707,641645.86382246,1252,640393.86382246,215124.83917754,34890.3369402,81667.74923734,0,0,32127.24,66439.513,0,118691.25,38031,80660.25,154.9459375,106094.7540625,206.331,29454.6030625,0,0,19148.188,57285.632,0,792638.7675577707,864856,641490.91788496,1252,640238.91788496,109030.08511504,34684.0059402,52213.14617484,0,0,12979.052,9153.881,0
200612,千立方公尺,901955.354327141,42621,859334.354327141,572179.21377473,5233,566946.21377473,233554.94922527,35963.51751931,85865.71570596,0,0,33863.752,77861.964,0,147885,42621,105264,145.5001125,120310.1158875,288.443,31612.0758875,0,0,20542.161,67867.436,0,859334.354327141,804448,572033.71366223,5233,566800.71366223,113244.83333777,35675.07451931,54253.63981846,0,0,13321.591,9994.528,0
200701,千立方公尺,727761.8423198912,40558,687203.8423198912,510422.47674538,4049,506373.47674538,237833.37025462,28662.41296164,86823.76529298,0,0,36192.264,86154.928,0,147899.875,40558,107341.875,155.9176125,128710.1913875,342,31672.9783875,0,0,21837.288,74857.925,0,687203.8423198912,692863,510266.55913288,4049,506217.55913288,109123.17886712,28320.41296164,55150.78690548,0,0,14354.976,11297.003,0
200702,千立方公尺,620159.8092433168,34837,585322.8092433168,406094.39500154,3675,402419.39500154,221925.52699846,33438.84904829,67740.83295017,0,0,33816.524,86929.321,0,124622.125,34837,89785.125,72.3181125,119323.0938875,199,21716.4928875,0,0,20840.966,76566.635,0,585322.8092433168,590632,406022.07688904,3675,402347.07688904,102602.43311096,33239.84904829,46024.34006267,0,0,12975.558,10362.686,0
200703,千立方公尺,829837.1141821477,40513,789324.1141821477,642590.21923627,1997,640593.21923627,247245.60876373,38066.9731542,84038.03360953,0,0,34465.366,90675.236,0,142613.5,40513,102100.5,173.910875,131602.755125,251,30520.515125,0,0,21981.824,78849.416,0,789324.1141821477,839836,642416.30836127,1997,640419.30836127,115642.85363873,37815.9731542,53517.51848453,0,0,12483.542,11825.82,0
200704,千立方公尺,921658.524694155,36292,885366.524694155,654590.0822408,5284,649306.0822408,243145.3787592,36315.11421254,84006.49054666,0,0,33817.669,89006.105,0,130356.625,36292,94064.625,125.2711,129348.0679,198,30318.0779,0,0,20953.1,77878.89,0,885366.524694155,854146,654464.8111408,5284,649180.8111408,113797.3108592,36117.11421254,53688.41264666,0,0,12864.569,11127.215,0
200705,千立方公尺,1061919.6733121885,33977,1027942.6733121885,828709.52317206,4067,824642.52317206,235801.84682794,34780.07794248,89470.36888546,0,0,31966.08,79585.32,0,116608.25,33977,82631.25,119.5423625,118885.5636375,243.77,30504.0316375,0,0,19126.551,69011.211,0,1027942.6733121885,1014035,828589.98080956,4067,824522.98080956,116916.28319044,34536.30794248,58966.33724796,0,0,12839.529,10574.109,0
200706,千立方公尺,973599.450838242,32644,940955.450838242,816860.93867945,2445,814415.93867945,220024.04932055,35490.50138803,84978.13093252,0,0,30027.326,69528.091,0,104199.625,32644,71555.625,187.8311625,108108.5418375,194.082,29065.7078375,0,0,17893.298,60955.454,0,940955.450838242,995833,816673.10751695,2445,814228.10751695,111915.50748305,35296.41938803,55912.42309502,0,0,12134.028,8572.637,0
200707,千立方公尺,1220572.1341187132,30980,1189592.1341187132,1065523.95886312,3095,1062428.95886312,209664.34913688,33180.70936989,86450.39776699,0,0,26745.479,63287.763,0,97803.875,30980,66823.875,163.72445,100927.99755,175.137,29551.79955,0,0,17498.391,53702.67,0,1189592.1341187132,1228401,1065360.23441312,3095,1062265.23441312,108736.35158688,33005.57236989,56898.59821699,0,0,9247.088,9585.093,0
200708,千立方公尺,1163250.7911191662,32448,1130802.7911191662,863681.23823217,2259,861422.23823217,213361.95176783,37520.05699234,87886.71277549,0,0,26828.985,61126.197,0,104131.875,32448,71683.875,172.9655875,99284.9594125,174.089,30260.2834125,0,0,17776.677,51073.91,0,1130802.7911191662,1041658,863508.27264467,2259,861249.27264467,114076.99235533,37345.96799234,57626.42936299,0,0,9052.308,10052.287,0
200709,千立方公尺,991319.1227911192,30712,960607.1227911192,814196.59511663,0,814196.59511663,200274.20088337,30164.69030586,84192.74357751,0,0,26507.922,59408.845,0,103106.875,30712,72394.875,138.39423625,96080.12576375,165.084,28512.85576375,0,0,18105.36,49296.826,0,960607.1227911192,981140,814058.20088038,0,814058.20088038,104194.07511962,29999.60630586,55679.88781376,0,0,8402.562,10112.019,0
200710,千立方公尺,1016776.655188038,33394,983382.655188038,778041.55166242,0,778041.55166242,217357.31833758,34538.28020424,85439.93913334,0,0,31307.085,66072.014,0,118271.875,33394,84877.875,138.7428125,103292.5541875,177.077,29669.5151875,0,0,18461.753,54984.209,0,983382.655188038,965036,777902.80884992,0,777902.80884992,114064.76415008,34361.20320424,55770.42394584,0,0,12845.332,11087.805,0
200711,千立方公尺,836298.8115088355,34371,801927.8115088355,682431.25767162,0,682431.25767162,228426.81832838,40070.66825348,83964.7410749,0,0,33558.066,70833.343,0,129397.5,34371,95026.5,137.537075,109475.714925,201.102,29326.666925,0,0,20173.899,59774.047,0,801927.8115088355,894408,682293.72059662,0,682293.72059662,118951.10340338,39869.56625348,54638.0741499,0,0,13384.167,11059.296,0
200712,千立方公尺,904043.979157227,36106,867937.979157227,571979.99925766,0,571979.99925766,245876.42374234,41835.2802734,87262.49446894,0,0,34686.465,82092.184,0,148868.125,36106,112762.125,136.5041125,121314.9338875,208,30581.0828875,0,0,20749.864,69775.987,0,867937.979157227,811333,571843.49514516,0,571843.49514516,124561.48985484,41627.2802734,56681.41158144,0,0,13936.601,12316.197,0
200801,千立方公尺,805265.3874037154,34130,771135.3874037154,541052.62485823,0,541052.62485823,253280.07914177,35591.17854861,89343.33959316,0,0,36944.792,91400.769,0,152333.75,34130,118203.75,166.898275,131901.303725,209,31377.654725,0,0,22000.264,78314.385,0,771135.3874037154,744717,540885.72658323,0,540885.72658323,121378.77541677,35382.17854861,57965.68486816,0,0,14944.528,13086.384,0
200802,千立方公尺,645761.1590394201,32954,612807.1590394201,429605.40993222,0,429605.40993222,247865.93406778,40764.32028951,73066.65877827,0,0,37487.373,96547.582,0,151287.125,32954,118333.125,126.089075,130166.457925,302,22423.070925,0,0,22934.084,84507.303,0,612807.1590394201,642951,429479.32085722,0,429479.32085722,117699.47614278,40462.32028951,50643.58785327,0,0,14553.289,12040.279,0
200803,千立方公尺,1081767.7621205256,34933,1046834.7621205256,743807.96601864,0,743807.96601864,271773.36098136,41641.76859234,93259.20138902,0,0,38416.709,98455.682,0,150253.375,34933,115320.375,136.6331175,141231.3468825,265.192,31299.1348825,0,0,22926.464,86740.556,0,1046834.7621205256,971661,743671.33290114,0,743671.33290114,130542.01409886,41376.57659234,61960.06650652,0,0,15490.245,11715.126,0
200804,千立方公尺,1064711.6139555959,31596,1033115.6139555959,832936.84348194,795,832141.84348194,253821.04451806,43280.21125762,84176.96226044,0,0,36218.713,90145.158,0,128384.25,31596,96788.25,134.100275,131805.646725,203.135,29439.714725,0,0,21335.895,80826.902,0,1033115.6139555959,1038040,832802.74320694,795,832007.74320694,122015.39779306,43077.07625762,54737.24753544,0,0,14882.818,9318.256,0
200805,千立方公尺,1086933.0901676484,29390,1057543.0901676484,878051.94388937,5395,872656.94388937,248086.03011063,43344.91958237,88930.49852826,0,0,36112.011,79698.601,0,122477,29390,93087,173.656975,120697.524025,210.17,29995.699025,0,0,20607.396,69884.259,0,1057543.0901676484,1091977,877878.28691437,5395,872483.28691437,127388.50608563,43134.74958237,58934.79950326,0,0,15504.615,9814.342,0
200806,千立方公尺,1087597.1372904396,28246,1059351.1372904396,917263.12106346,2180,915083.12106346,230752.31393654,40808.41864048,84241.55229606,0,0,34323.426,71378.917,0,106576.375,28246,78330.375,184.0327,109899.1933,177,27751.7123,0,0,19331.31,62639.171,0,1059351.1372904396,1097737,917079.08836346,2180,914899.08836346,120853.12063654,40631.41864048,56489.83999606,0,0,14992.116,8739.746,0
200807,千立方公尺,1341318.8545536927,26176,1315142.8545536927,1026734.35544739,3147,1023587.35544739,228410.59755261,49706.39261674,85609.04593587,0,0,30338.407,62756.752,0,100376.5,26176,74200.5,144.3016125,101538.8003875,229.13,28165.7233875,0,0,18672.018,54471.929,0,1315142.8545536927,1223667,1026590.05383489,3147,1023443.05383489,126871.79716511,49477.26261674,57443.32254837,0,0,11666.389,8284.823,0
200808,千立方公尺,1174234.4100589035,25649,1148585.4100589035,988947.25660462,2568,986379.25660462,214710.24339538,39166.83343049,86831.42996489,0,0,30242.784,58469.196,0,96756.875,25649,71107.875,167.9323125,94766.1696875,150.46,26702.1876875,0,0,18263.515,49650.007,0,1148585.4100589035,1171298,988779.32429212,2568,986211.32429212,119944.07370788,39016.37343049,60129.24227739,0,0,11979.269,8819.189,0
200809,千立方公尺,983469.1644766652,25578,957891.1644766652,842983.65985704,3205,839778.65985704,210334.45814296,37854.72156783,82220.71457513,0,0,31558.784,58700.238,0,96507,25578,70929,89.8011125,93848.9748875,660.998,24174.2258875,0,0,18754.541,50259.21,0,957891.1644766652,1024959,842893.85874454,3205,839688.85874454,116485.48325546,37193.72356783,58046.48868763,0,0,12804.243,8441.028,0
200810,千立方公尺,1232414.2374263706,28146,1204268.2374263706,927346.32401039,2870,924476.32401039,211539.05298961,40466.38954482,72741.76644479,0,0,35322.407,63008.49,0,109825.5,28146,81679.5,174.0726125,99167.7893875,192.06,26022.9383875,0,0,18904.543,54048.248,0,1204268.2374263706,1108788,927172.25139789,2870,924302.25139789,112371.26360211,40274.32954482,46718.82805729,0,0,16417.864,8960.242,0
200811,千立方公尺,980959.9161758042,28585,952374.9161758042,854924.16913679,2660,852264.16913679,189619.38686321,27608.16414419,58339.31771902,0,0,35948.953,67722.952,0,118479.25,28585,89894.25,116.71955,104087.89445,165,23503.20445,0,0,20894.324,59525.366,0,952374.9161758042,878647,854807.44958679,2660,852147.44958679,85531.49241321,27443.16414419,34836.11326902,0,0,15054.629,8197.586,0
200812,千立方公尺,751658.2922519257,31973,719685.2922519257,559111.55960968,2353,556758.55960968,204875.78539032,28417.80193599,60861.11045433,0,0,35961.11,79635.763,0,147400.25,31973,115427.25,201.106275,118462.307725,218.027,25429.919725,0,0,21554.472,71259.889,0,719685.2922519257,765132,558910.45333468,2353,556557.45333468,86413.47766532,28199.77493599,35431.19072933,0,0,14406.638,8375.874,0
200901,千立方公尺,509193.41549614863,30604,478589.41549614863,266018.00563149,0,266018.00563149,218669.69136851,38720.33545306,52327.34991545,0,0,36699.597,90922.409,0,145240.375,30604,114636.375,97.31035,125792.23165,178,19836.28765,0,0,23029.834,82748.11,0,478589.41549614863,446260,265920.69528149,0,265920.69528149,92877.45971851,38542.33545306,32491.06226545,0,0,13669.763,8174.299,0
200902,千立方公尺,580201.4463072043,28896,551305.4463072043,427581.62021346,943,426638.62021346,217069.84678654,33984.39931489,56502.60047165,0,0,36879.485,89703.362,0,118300.875,28896,89404.875,167.2603,122053.0717,179,17242.3617,0,0,23388.102,81243.608,0,551305.4463072043,640781,427414.35991346,943,426471.35991346,95016.77508654,33805.39931489,39260.23877165,0,0,13491.383,8459.754,0
200903,千立方公尺,912084.7648391481,35908,876176.7648391481,598880.25153207,5718,593162.25153207,248256.81446793,43114.49011548,72892.45435245,0,0,36363.006,95886.864,0,139210,35908,103302,169.9051125,134098.2738875,284.241,25682.4358875,0,0,21755.618,86375.979,0,876176.7648391481,811032,598710.34641957,5718,592992.34641957,114158.54058043,42830.24911548,47210.01846495,0,0,14607.388,9510.885,0
200904,千立方公尺,765661.7240598097,29015,736646.7240598097,625862.48938911,6214,619648.48938911,233327.01761089,33388.6108583,75036.48275259,0,0,36144.558,88757.366,0,131608.25,29015,102593.25,113.53697297,128395.88102703,203,27307.27102703,0,0,21360.387,79525.223,0,736646.7240598097,731768,625748.95241614,6214,619534.95241614,104931.13658386,33185.6108583,47729.21172556,0,0,14784.171,9232.143,0
200905,千立方公尺,1229435.0589034888,28945,1200490.0589034888,845549.55927016,5778,839771.55927016,237029.03372984,37968.60983907,80431.30589077,0,0,36233.261,82395.857,0,119470.375,28945,90525.375,189.406375,122917.872625,226.222,28165.879625,0,0,21478.424,73047.347,0,1200490.0589034888,889947,845360.15289516,5778,839582.15289516,114111.16110484,37742.38783907,52265.42626577,0,0,14754.837,9348.51,0
200906,千立方公尺,1170682.3547802446,30691,1139991.3547802446,858898.52630833,4166,854732.52630833,223735.58369167,35705.10936421,81002.97032746,0,0,34364.693,72662.811,0,101632.375,30691,70941.375,170.93989888,111877.71810112,179,26905.86710112,0,0,20300.156,64492.695,0,1139991.3547802446,901393,858727.58640945,4166,854561.58640945,111857.86559055,35526.10936421,54097.10322634,0,0,14064.537,8170.116,0
200907,千立方公尺,1253725.57951971,27942,1225783.57951971,1138221.76937985,1334,1136887.76937985,220780.18362015,33499.23714465,89194.3764755,0,0,31400.664,66685.906,0,148167.375,27942,120225.375,210.42899438,104647.38800562,256.131,28061.15600562,0,0,19570.146,56759.955,0,1225783.57951971,1688302,1138011.34038547,1334,1136677.34038547,116132.79561453,33243.10614465,61133.22046988,0,0,11830.518,9925.951,0
200908,千立方公尺,1282785.401449932,26963,1255822.401449932,1033583.76158399,5232,1028351.76158399,210763.60841601,35219.47669167,85692.31672434,0,0,30366.349,59485.466,0,90675.125,26963,63712.125,121.38882584,99001.16017416,148,28049.13917416,0,0,19343.352,51460.669,0,1255822.401449932,1241263,1033462.37275815,5232,1028230.37275815,111762.44824185,35071.47669167,57643.17755018,0,0,11022.997,8024.797,0
200909,千立方公尺,1135716.7136384232,25821,1109895.7136384232,1026731.12501172,5382,1021349.12501172,219440.25998828,39030.75535577,90218.06763251,0,0,31658.281,58533.156,0,99657,25821,73836,134.9758625,95352.4441375,258.101,28410.0411375,0,0,18736.137,47948.165,0,1109895.7136384232,1195247,1026596.14914922,5382,1021214.14914922,124087.81585078,38772.65435577,61808.02649501,0,0,12922.144,10584.991,0
200910,千立方公尺,1235525.9410965112,25696,1209829.9410965112,824200.89919053,6176,818024.89919053,240976.37680947,43502.40886247,90249.480947,0,0,38879.467,68345.02,0,115222.375,25696,89526.375,158.80876966,102563.39223034,152.073,28342.07423034,0,0,19392.723,54676.522,0,1209829.9410965112,1025288,824042.09042087,6176,817866.09042087,138412.98457913,43350.33586247,61907.40671666,0,0,19486.744,13668.498,0
200911,千立方公尺,996764.2650657,29099,967665.2650657,822176.2140737,4434,817742.2140737,249088.5579263,41330.39640791,89660.77651839,0,0,42158.785,75938.6,0,127704.125,29099,98605.125,124.83854494,112089.76245506,203,29793.08845506,0,0,21336.813,60756.861,0,967665.2650657,1023127,822051.37552876,4434,817617.37552876,136998.79547124,41127.39640791,59867.68806333,0,0,20821.972,15181.739,0
200912,千立方公尺,877735.8948799275,31080,846655.8948799275,637766.69218975,0,637766.69218975,279211.52481025,55282.98596849,91687.81984176,0,0,43164.404,89076.315,0,158291.625,31080,127211.625,124.09205618,129144.62894382,231.082,30900.47294382,0,0,22819.201,75193.873,0,846655.8948799275,906280,637642.60013357,0,637642.60013357,150066.89586643,55051.90396849,60787.34689794,0,0,20345.203,13882.442,0
201001,千立方公尺,939065.9918441323,27132,911933.9918441323,638878.79703649,0,638878.79703649,291477.53996351,51151.65521599,95955.65374752,0,0,46468.049,97902.182,0,157950.375,27132,130818.375,175.23629775,141026.74870225,186,31707.90270225,0,0,25004.669,84128.177,0,911933.9918441323,853534,638703.56073874,0,638703.56073874,150450.79126126,50965.65521599,64247.75104527,0,0,21463.38,13774.005,0
201002,千立方公尺,751805.7417308564,22896,728909.7417308564,500227.90103329,0,500227.90103329,267990.67696671,50132.74240006,80264.57856665,0,0,42271.184,95322.172,0,129660.75,22896,106764.75,93.13987641,126712.62912359,179.1,21004.23512359,0,0,22633.053,82896.241,0,728909.7417308564,694782,500134.76115688,0,500134.76115688,141278.04784312,49953.64240006,59260.34344306,0,0,19638.131,12425.931,0
201003,千立方公尺,1145331.9229723606,26262,1119069.9229723606,882629.66066205,0,882629.66066205,296921.43333795,53334.39337838,98293.14395957,0,0,44943.742,100350.154,0,140674.5,26262,114412.5,193.16744382,140189.97955618,231.231,28130.97055618,0,0,24832.432,86995.346,0,1119069.9229723606,1068297,882436.49321823,0,882436.49321823,156731.45378177,53103.16237838,70162.17340339,0,0,20111.31,13354.808,0
201004,千立方公尺,1147815.0616221114,25583,1122232.0616221114,949224.4162445,0,949224.4162445,284073.6277555,48114.11017003,94672.75158547,0,0,44633.342,96653.424,0,135272.75,25583,109689.75,111.22044382,137394.95455618,239,28223.73355618,0,0,23921.223,85010.998,0,1122232.0616221114,1172675,949113.19580068,0,949113.19580068,146678.67319932,47875.11017003,66449.01802929,0,0,20712.119,11642.426,0
201005,千立方公尺,1415034.52288174,23416,1391618.52288174,1113252.219791,0,1113252.219791,273852.277209,42910.09925233,100436.06695667,0,0,43698.316,86807.795,0,110711.5,23416,87295.5,99.84783146,127952.06116854,166.133,28956.58116854,0,0,23195.989,75633.358,0,1391618.52288174,1318416,1113152.37195954,0,1113152.37195954,145900.21604046,42743.96625233,71479.48578813,0,0,20502.327,11174.437,0
201006,千立方公尺,1300262.4544630721,30691,1269571.4544630721,1039704.5412023,1554,1038150.5412023,250341.3127977,43922.7893641,98550.3714336,0,0,38431.867,69436.285,0,117159.625,30691,86468.625,160.44712921,116144.02987079,151.083,28209.92687079,0,0,21803.159,65979.861,0,1269571.4544630721,1247097,1039544.09407309,1554,1037990.09407309,134197.28292691,43771.7063641,70340.44456281,0,0,16628.708,3456.424,0
201007,千立方公尺,1631809.89397372,19868,1611941.89397372,1354656.7106377,5651,1349005.7106377,233410.8913623,37416.16720334,96024.96215896,0,0,40268.306,59701.456,0,98765.375,19868,78897.375,175.6867191,107155.9662809,150,26089.6252809,0,0,24480.613,56435.728,0,1611941.89397372,1538187,1354481.0239186,5651,1348830.0239186,126254.9250814,37266.16720334,69935.33687806,0,0,15787.693,3265.728,0
201008,千立方公尺,1530934.6733121886,19872,1511062.6733121886,1336377.72851784,4245,1332132.72851784,235681.34948216,40664.57217209,100766.66431007,0,0,40537.553,53712.56,0,97041.375,19872,77169.375,139.66089326,103428.32510674,278.078,28595.09010674,0,0,23927.231,50627.926,0,1511062.6733121886,1525074,1336238.06762458,4245,1331993.06762458,132253.02437542,40386.49417209,72171.57420333,0,0,16610.322,3084.634,0
201009,千立方公尺,1470057.0765745356,26504,1443553.0765745356,1089887.92906375,0,1089887.92906375,234328.97693625,48793.03139951,99235.27753674,0,0,35870.152,50430.516,0,96336.125,26504,69832.125,127.40822472,94013.15177528,144.089,27079.12777528,0,0,19459.097,47330.838,0,1443553.0765745356,1332858,1089760.52083903,0,1089760.52083903,140315.82516097,48648.94239951,72156.14976146,0,0,16411.055,3099.678,0
201010,千立方公尺,1254258.2523787948,25669,1228589.2523787948,1033025.02504419,0,1033025.02504419,248935.45395581,50508.4758749,103893.39608091,0,0,39849.849,54683.733,0,114889.375,25669,89220.375,128.03055618,102217.20344382,191.052,28798.65744382,0,0,21768.181,51459.313,0,1228589.2523787948,1286565,1032896.99448801,0,1032896.99448801,146718.25051199,50317.4238749,75094.73863709,0,0,18081.668,3224.42,0
201011,千立方公尺,1118834.6252831898,23054,1095780.6252831898,860576.65173425,5010,855566.65173425,266623.75526575,57446.84835223,102639.06091352,0,0,42692.533,63845.313,0,130214.75,23054,107160.75,114.96473596,112777.49026404,178,29353.63826404,0,0,23445.256,59800.596,0,1095780.6252831898,1083272,860461.68699829,5010,855451.68699829,153846.26500171,57268.84835223,73285.42264948,0,0,19247.277,4044.717,0
201012,千立方公尺,1116815.8454916177,25253,1091562.8454916177,866711.70453667,7481,859230.70453667,302095.72546333,66998.73956524,109934.29689809,0,0,47388.277,77774.412,0,157918.625,25253,132665.625,138.67839888,131723.78860112,268.077,32173.35260112,0,0,26296.241,72986.118,0,1091562.8454916177,1150292,866573.02613779,7481,859092.02613779,170371.93686221,66730.66256524,77760.94429697,0,0,21092.036,4788.294,0
201101,千立方公尺,1139970.549161758,25686,1114284.549161758,857988.98286941,5600,852388.98286941,326718.01913059,66771.57547183,114120.39865876,0,0,50965.096,94860.949,0,170839.125,25686,145153.125,131.84123034,151844.79276966,185,32863.80976966,0,0,29424.16,89371.823,0,1114284.549161758,1118987,857857.14163907,5600,852257.14163907,174873.22636093,66586.57547183,81256.5888891,0,0,21540.936,5489.126,0
201102,千立方公尺,972981.4485727232,22911,950070.4485727232,642102.70283286,3575,638527.70283286,285916.12216714,54185.31235474,94252.1408124,0,0,44650.212,92828.457,0,140832.375,22911,117921.375,193.45139326,136298.73060674,175,22426.66460674,0,0,26275.662,87421.404,0,950070.4485727232,865700,641909.2514396,3575,638334.2514396,149617.3915604,54010.31235474,71825.47620566,0,0,18374.55,5407.053,0
201103,千立方公尺,1157368.3339374717,25919,1131449.3339374717,896843.68343165,56,896787.68343165,333001.85356835,60543.02126172,122262.76830663,0,0,47440.276,102755.788,0,163633.625,25919,137714.625,309.76651124,158655.76748876,199,33363.00148876,0,0,28251.478,96842.288,0,1131449.3339374717,1171935,896533.91692041,56,896477.91692041,174346.08607959,60344.02126172,88899.76681787,0,0,19188.798,5913.5,0
201104,千立方公尺,1347545.2396918894,23032,1324513.2396918894,970291.95355896,0,970291.95355896,311661.00844104,57417.70618615,116361.97625489,0,0,45887.62,91993.706,0,138056.5,23032,115024.5,208.91473596,145934.41826404,229.104,31295.38726404,0,0,27003.662,87406.265,0,1324513.2396918894,1329066,970083.038823,0,970083.038823,165726.590177,57188.60218615,85066.58899085,0,0,18883.958,4587.441,0
201105,千立方公尺,1391961.1141821477,21837,1370124.1141821477,1143895.68840976,2377,1141518.68840976,301249.19959024,59397.36770983,114915.33688041,0,0,43998.508,82937.987,0,128355.375,21837,106518.375,216.07212921,136252.42887079,205.177,32105.96387079,0,0,25329.132,78612.156,0,1370124.1141821477,1435445,1143679.61628055,2377,1141302.61628055,164996.77071945,59192.19070983,82809.37300962,0,0,18669.376,4325.831,0
201106,千立方公尺,1405480.4195740824,21938,1383542.4195740824,1178008.13791693,0,1178008.13791693,280169.03008307,60065.9949248,111112.70415827,0,0,41836.172,67154.159,0,110192,21938,88254,145.56538764,118130.23761236,155.092,31241.10561236,0,0,23061.09,63672.95,0,1383542.4195740824,1426367,1177862.57252929,0,1177862.57252929,162038.79247071,59910.9029248,79871.59854591,0,0,18775.082,3481.209,0
201107,千立方公尺,1571076.8355233348,26248,1544828.8355233348,1391679.7843682,1264,1390415.7843682,280919.1216318,62682.15593302,130987.84569878,0,0,28001.855,59247.265,0,98957.875,26248,72709.875,206.93238202,111004.95461798,164.128,33253.98361798,0,0,21958.932,55627.911,0,1544828.8355233348,1608674,1391472.85198618,1264,1390208.85198618,169914.16701382,62518.02793302,97733.8620808,0,0,6042.923,3619.354,0
201108,千立方公尺,1683027.9234254644,27221,1655806.9234254644,1451704.59784961,4213,1447491.59784961,275334.83715039,58480.90460809,135869.6475423,0,0,27348.348,53635.937,0,98751.875,27221,71530.875,176.39010674,105030.10589326,232.367,33225.03589326,0,0,21100.242,50472.461,0,1655806.9234254644,1686722,1451528.20774287,4213,1447315.20774287,170304.73125713,58248.53760809,102644.61164904,0,0,6248.106,3163.476,0
201109,千立方公尺,1653242.1844132307,32403,1620839.1844132307,1166155.13571111,4077,1162078.13571111,275964.94128889,62709.2299696,134107.00331929,0,0,28437.235,50711.473,0,108953.625,32403,76550.625,183.79979775,102648.73920225,238.09,32812.77920225,0,0,22049.751,47548.119,0,1620839.1844132307,1497018,1165971.33591336,4077,1161894.33591336,173316.20208664,62471.1399696,101294.22411704,0,0,6387.484,3163.354,0
201110,千立方公尺,1486968.3729043952,33137,1453831.3729043952,1143313.9726998,4064,1139249.9726998,289110.4813002,65847.46412504,136707.18517516,0,0,28825.22,57730.612,0,124628.75,33137,91491.75,199.69010674,110072.85389326,147,33490.21989326,0,0,22355.233,54080.401,0,1453831.3729043952,1508428,1143114.28259306,4064,1139050.28259306,179037.62740694,65700.46412504,103216.9652819,0,0,6469.987,3650.211,0
201111,千立方公尺,1413617.5061169008,35068,1378549.5061169008,935295.92198349,4980,930315.92198349,274267.75901651,53831.71772341,126046.9312931,0,0,31083.9,63305.21,0,129959.5,35068,94891.5,190.5502191,117139.7647809,173.107,33344.9017809,0,0,24141.3,59480.456,0,1378549.5061169008,1294660,935105.37176439,4980,930125.37176439,157127.99423561,53658.61072341,92702.0295122,0,0,6942.6,3824.754,0
201112,千立方公尺,1071582.011327594,34757,1036825.011327594,868005.63181794,4581,863424.63181794,320993.53218206,66712.22178456,140111.5163975,0,0,33648.723,80521.071,0,166944.5,34757,132187.5,228.29637641,137341.30362359,235.083,35678.91862359,0,0,26152.927,75274.375,0,1036825.011327594,1308578,867777.33544153,4581,863196.33544153,183652.22855847,66477.13878456,104432.59777391,0,0,7495.796,5246.696,0
201201,千立方公尺,1158654.185319438,27221,1131433.185319438,783290.37897287,3654,779636.37897287,320291.50602713,68283.81100453,129348.0420226,0,0,34794.31,87865.343,0,157823.375,27221,130602.375,226.4674045,137375.8425955,175.292,28192.0185955,0,0,26409.217,82599.315,0,1131433.185319438,1104393,783063.91156837,3654,779409.91156837,182915.66343163,68108.51900453,101156.0234271,0,0,8385.093,5266.028,0
201202,千立方公尺,1143358.0176710468,29095,1114263.0176710468,868821.73318763,46,868775.73318763,334476.92481237,62013.99156976,139492.66724261,0,0,38325.402,94644.864,0,144001.375,29095,114906.375,188.07311236,148265.27188764,214,30050.26888764,0,0,29453.332,88547.671,0,1114263.0176710468,1307288,868633.66007527,46,868587.66007527,186211.65292473,61799.99156976,109442.39835497,0,0,8872.07,6097.193,0
201203,千立方公尺,1348081.2958767558,27860,1320221.2958767558,941333.72578798,2995,938338.72578798,351220.90021202,59681.97407706,156262.04213496,0,0,35421.942,99854.942,0,164294.375,27860,136434.375,155.83432023,157119.17467977,253.432,35742.52467977,0,0,27349.931,93773.287,0,1320221.2958767558,1313932,941177.89146775,2995,938182.89146775,194101.72553225,59428.54207706,120519.51745519,0,0,8072.011,6081.655,0
201204,千立方公尺,1377920.901676484,27970,1349950.901676484,1083048.49580678,3568,1079480.49580678,327022.61419322,57794.21338114,148313.13781208,0,0,33609.086,87306.177,0,136850.875,27970,108880.875,163.3916236,142329.4763764,172.068,33841.8493764,0,0,26058.676,82256.883,0,1349950.901676484,1402637,1082885.10418318,3568,1079317.10418318,184693.13781682,57622.14538114,114471.28843568,0,0,7550.41,5049.294,0
201205,千立方公尺,1609771.0647938377,23780,1585991.0647938377,1320232.18934319,3526,1316706.18934319,324451.85365681,60329.39538491,154580.8062719,0,0,32266.518,77275.134,0,128797.625,23780,105017.625,198.70733146,133302.14666854,175.153,35271.21566854,0,0,24929.996,72925.782,0,1585991.0647938377,1598348,1320033.48201173,3526,1316507.48201173,191149.70698827,60154.24238491,119309.59060336,0,0,7336.522,4349.352,0
201206,千立方公尺,1652345.7222473947,26647,1625698.7222473947,1184060.56871488,0,1184060.56871488,304578.61428512,54045.65347304,152500.06681208,0,0,31950.341,66082.553,0,118539.25,26647,91892.25,191.0283427,120175.2806573,143.606,33189.1966573,0,0,24284.057,62558.421,0,1625698.7222473947,1502438,1183869.54037218,0,1183869.54037218,184403.33362782,53902.04747304,119310.87015478,0,0,7666.284,3524.132,0
201207,千立方公尺,1646935.8169460807,30004,1616931.8169460807,1371285.07066818,2232,1369053.07066818,305271.46933182,63028.15281927,154978.85651255,0,0,30550.628,56713.832,0,110390.875,30004,80386.875,203.6471573,111422.3008427,145.424,34977.0088427,0,0,23092.902,53206.966,0,1616931.8169460807,1720294,1371081.42351088,2232,1368849.42351088,193849.16848912,62882.72881927,120001.84766985,0,0,7457.726,3506.866,0
201208,千立方公尺,1606899.236520163,34665,1572234.236520163,1210945.72077159,4847,1206098.72077159,302235.94422841,63278.33627392,153978.49395449,0,0,30871.889,54107.225,0,113589.375,34665,78924.375,100.94182584,108930.32917416,153,34934.29217416,0,0,23108.493,50734.544,0,1572234.236520163,1555613,1210844.77894575,4847,1205997.77894575,193305.61505425,63125.33627392,119044.20178033,0,0,7763.396,3372.681,0
201209,千立方公尺,1512185.42048029,29329,1482856.42048029,1176379.74704699,5773,1170606.74704699,300668.98695301,62657.77437388,155968.19357913,0,0,30160.494,51882.525,0,113093.125,29329,83764.125,133.51858989,105801.74241011,143,34606.61041011,0,0,22478.247,48573.885,0,1482856.42048029,1542084,1176246.2284571,5773,1170473.2284571,194867.2445429,62514.77437388,121361.58316902,0,0,7682.247,3308.64,0
201210,千立方公尺,1304885.876755777,28910,1275975.876755777,1078232.31159188,6247,1071985.31159188,334711.97440812,78823.40530648,164940.07410164,0,0,31880.086,59068.409,0,129588.5,28910,100678.5,106.58667978,114374.51932022,364.176,35102.02032022,0,0,23772.074,55136.249,0,1275975.876755777,1444057,1078125.7249121,6247,1071878.7249121,220337.4550879,78459.22930648,129838.05378142,0,0,8108.012,3932.16,0
201211,千立方公尺,1437909.513366561,54208,1383701.513366561,973360.01553962,5512,967848.01553962,331677.50846038,61579.77537395,169415.59308643,0,0,35434.628,65247.512,0,160862.5,54208,106654.5,103.99735955,122727.70164045,197.473,35360.96464045,0,0,26059.752,61109.512,0,1383701.513366561,1272463,973256.01818007,5512,967744.01818007,208949.80681993,61382.30237395,134054.62844598,0,0,9374.876,4138,0
201212,千立方公尺,1337420.0634345266,102360,1235060.0634345266,1016496.63718908,2423,1014073.63718908,340708.26481092,56358.96997823,166428.78583269,0,0,38044.128,79876.381,0,233355,102360,130995,125.13336517,138686.45763483,182,36156.62663483,0,0,27325.425,75022.406,0,1235060.0634345266,1298824,1016371.50382391,2423,1013948.50382391,202021.80717609,56176.96997823,130272.15919786,0,0,10718.703,4853.975,0
201301,千立方公尺,1233291.69279565,27658,1205633.69279565,960791.64742633,0,960791.64742633,351503.63657367,58038.3517104,166364.99886327,0,0,40084.521,87015.765,0,171183.25,27658,143525.25,170.87325281,147829.57274719,224.115,37715.88774719,0,0,28219.081,81670.489,0,1205633.69279565,1295358,960620.77417352,0,960620.77417352,203674.06382648,57814.2367104,128649.11111608,0,0,11865.44,5345.276,0
201302,千立方公尺,1090053.1644766652,23922,1066131.1644766652,759472.51019508,1228,758244.51019508,304803.75180492,48990.12012203,133973.58368289,0,0,37171.298,84668.75,0,137332.125,23922,113410.125,60.77447753,130678.48052247,157.118,24640.33752247,0,0,26887.994,78993.031,0,1066131.1644766652,1095977,759411.73571755,1228,758183.73571755,174125.27128245,48833.00212203,109333.24616042,0,0,10283.304,5675.719,0
201303,千立方公尺,1412094.1096511101,27700,1384394.1096511101,1102507.49998167,4982,1097525.49998167,350436.13901833,48715.9458171,175949.39420123,0,0,36699.467,89071.332,0,150637.75,27700,122937.75,114.83364607,146810.57135393,275.208,37286.04135393,0,0,26226.033,83023.289,0,1384394.1096511101,1496764,1102392.6663356,4982,1097410.6663356,203625.5676644,48440.7378171,138663.3528473,0,0,10473.434,6048.043,0
201304,千立方公尺,1348139.8214771182,31918,1316221.8214771182,1011858.90434987,222,1011636.90434987,328690.02165013,45733.64959565,161786.13705448,0,0,36741,84429.235,0,145427.125,31918,113509.125,144.24451124,143051.81148876,157,36998.17648876,0,0,26880.29,79016.345,0,1316221.8214771182,1426810,1011714.65983863,222,1011492.65983863,185638.21016137,45576.64959565,124787.96056572,0,0,9860.71,5412.89,0
201305,千立方公尺,1497700.3207974627,30904,1466796.3207974627,1190217.31316592,1116,1189101.31316592,324712.58883408,50528.94558252,162073.50525156,0,33.711,38912.76,73163.667,0,133828,30904,102924,116.09174157,135780.42125843,202.142,38038.61425843,0,0,29596.787,67942.878,0,1466796.3207974627,1615666,1190101.22142435,1116,1188985.22142435,188932.16757565,50326.80358252,124034.89099313,0,33.711,9315.973,5220.789,0
201306,千立方公尺,1569916.0430448572,23141,1546775.0430448572,1384657.72778439,0,1384657.72778439,307791.75621561,52189.88186093,159169.77135468,0,10.554,35679.551,60741.998,0,127728.875,23141,104587.875,112.6519045,119936.8990955,136.098,36271.1770955,0,0,27717.788,55811.836,0,1546775.0430448572,1665672,1384545.07587989,0,1384545.07587989,187854.85712011,52053.78386093,122898.59425918,0,10.554,7961.763,4930.162,0
201307,千立方公尺,1671141.8124150431,22780,1648361.8124150431,1382765.07634092,1490,1381275.07634092,306264.00065908,50953.57819224,168240.80646684,0,10.232,35613.591,51445.793,0,105185.125,22780,82405.125,133.79707865,111598.42792135,117.089,37447.31992135,0,0,26764.702,47269.317,0,1648361.8124150431,1678836,1382631.27926227,1490,1381141.27926227,194665.57273773,50836.48919224,130793.48654549,0,10.232,8848.889,4176.476,0
201308,千立方公尺,1705808.833257816,22505,1683303.833257816,1385513.0229462,80,1385433.0229462,312752.8440538,55680.81675674,173402.97729706,0,10.049,36544.895,47114.106,0,152027.375,22505,129522.375,112.50415169,108474.94184831,140.081,37908.56984831,0,0,27286.331,43139.96,0,1683303.833257816,1758081,1385400.51879451,80,1385320.51879451,204277.90220549,55540.73575674,135494.40744875,0,10.049,9258.564,3974.146,0
201309,千立方公尺,1492861.905301314,26815,1466046.905301314,1103798.9338416,0,1103798.9338416,302067.4351584,49460.58185364,169386.98230476,0,44.51,35403.134,47772.227,0,113264.5,26815,86449.5,146.03710674,106930.83289326,190.05,36109.92389326,0,0,26471.725,44159.134,0,1466046.905301314,1452410,1103652.89673486,0,1103652.89673486,195136.60226514,49270.53185364,133277.0584115,0,44.51,8931.409,3613.093,0
201310,千立方公尺,1525081.0702310828,30926,1494155.0702310828,1092620.1790387,380,1092240.1790387,323436.6519613,57794.24912953,176655.97683177,0,127.307,36858.455,52000.664,0,131490.875,30926,100564.875,143.87269101,114431.02530899,172.066,38611.89130899,0,0,27602.716,48044.352,0,1494155.0702310828,1516725,1092476.30634769,380,1092096.30634769,209005.62665231,57622.18312953,138044.08552278,0,127.307,9255.739,3956.312,0
201311,千立方公尺,1289856.0199365655,61948,1227908.0199365655,1027948.69267789,9311,1018637.69267789,299350.37132211,28282.82144726,171806.08887485,0,256.21,39827.301,59177.95,0,185962.375,61948,124014.375,56.31608989,123764.07591011,145.021,39043.80691011,0,0,29544.278,55030.97,0,1227908.0199365655,1360064,1027892.376588,9311,1018581.376588,175586.295412,28137.80044726,132762.28196474,0,256.21,10283.023,4146.98,0
201312,千立方公尺,1259015.4372451291,50850,1208165.4372451291,977846.83188997,8704,969142.83188997,341809.63511003,32971.86621793,190341.8288921,0,591.819,42019.1,75885.021,0,180519.75,50850,129669.75,190.22067416,143955.49132584,237.092,41999.36032584,0,0,31055.139,70663.9,0,1208165.4372451291,1307629,977656.61121581,8704,968952.61121581,197854.14378419,32734.77421793,148342.46856626,0,591.819,10963.961,5221.121,0
201401,千立方公尺,1244446.8962392388,31020,1213426.8962392388,884818.51862528,1120,883698.51862528,347483.79737472,25572.73322603,189316.53014869,0,719.954,45027.018,86847.562,0,188817,31020,157797,156.90639888,155534.91560112,124,40467.14860112,0,0,33282.175,81661.592,0,1213426.8962392388,1309144,884661.6122264,1120,883541.6122264,191948.8817736,25448.73322603,148849.38154757,0,719.954,11744.843,5185.97,0
201402,千立方公尺,992624.9632985954,23922,968702.9632985954,710570.8513966,0,710570.8513966,326664.3396034,33624.01381331,160751.65679009,0,701.911,42562.589,89024.169,0,146777.625,23922,122855.625,160.85967978,145369.94432022,164,29927.89432022,0,0,32577.489,82700.561,0,968702.9632985954,1063052,710409.99171682,0,710409.99171682,181294.39528318,33460.01381331,130823.76246987,0,701.911,9985.1,6323.608,0
201403,千立方公尺,1319347.1209787042,32008,1287339.1209787042,1016726.38765409,0,1016726.38765409,355743.22134591,34862.00257408,185102.25677183,0,397.3,41883.677,93497.985,0,169917.25,32008,137909.25,179.25522472,159993.59377528,279.115,40817.66677528,0,0,31347.354,87549.458,0,1287339.1209787042,1408774,1016547.13242937,0,1016547.13242937,195749.62757063,34582.88757408,144284.58999655,0,397.3,10536.323,5948.527,0
201404,千立方公尺,1482808.9891255097,34577,1448231.9891255097,1150181.58110368,0,1150181.58110368,337990.76289632,29104.65779632,183721.1491,0,169.392,42903.879,82091.685,0,142361,34577,107784,171.2519045,148312.8750955,216,40157.3540955,0,0,31641.359,76298.162,0,1448231.9891255097,1508858,1150010.32919918,0,1150010.32919918,189677.88780082,28888.65779632,143563.7950045,0,169.392,11262.52,5793.523,0
201405,千立方公尺,1651469.598550068,28372,1623097.598550068,1312620.33937513,0,1312620.33937513,331674.35262487,27469.72414948,189883.14247539,0,74.09,41694.852,72552.544,0,140387.125,28372,112015.125,118.18224157,139721.67375843,197.09,41156.23875843,0,0,30568.664,67799.681,0,1623097.598550068,1791037,1312502.15713356,0,1312502.15713356,191952.67886644,27272.63414948,148726.90371696,0,74.09,11126.188,4752.863,0
201406,千立方公尺,1565214.9347530585,32863,1532351.9347530585,1325273.34897557,0,1325273.34897557,314061.67902443,21428.64227597,191334.66474846,0,13.121,40607.465,60677.786,0,123397.375,32863,90534.375,173.40597753,126817.29902247,422.099,39938.60002247,0,0,29823.011,56633.589,0,1532351.9347530585,1646201,1325099.94299804,0,1325099.94299804,187244.38000196,21006.54327597,151396.06472599,0,13.121,10784.454,4044.197,0
201407,千立方公尺,1888195.3869506116,35477,1852718.3869506116,1531329.72760764,2880,1528449.72760764,322453.88939236,38556.16686595,192680.34252641,0,9.751,38335.858,52871.771,0,115562.375,35477,80085.375,184.16131461,119541.72268539,153.068,41305.91868539,0,0,28705.419,49377.317,0,1852718.3869506116,1840319,1531145.56629303,2880,1528265.56629303,202912.16670697,38403.09886595,151374.42384102,0,9.751,9630.439,3494.454,0
201408,千立方公尺,1629631.022655188,27221,1602410.022655188,1402324.57079105,4220,1398104.57079105,297293.52620895,25785.41673143,187648.62347752,0,9.867,37529.416,46320.203,0,110174,27221,82953,194.09923596,112456.04876404,222.067,41091.47976404,0,0,28199.552,42942.95,0,1602410.022655188,1713701,1402130.47155509,4220,1397910.47155509,184837.47744491,25563.34973143,146557.14371348,0,9.867,9329.864,3377.253,0
201409,千立方公尺,1821031.30720435,36865,1784166.30720435,1461015.41923817,4175,1456840.41923817,278687.51276183,20337.00196228,178052.40179955,0,18.394,37445.202,42834.513,0,112442.5,36865,75577.5,191.1371573,107022.0458427,125.06,39545.2808427,0,0,27756.931,39594.774,0,1784166.30720435,1766900,1460824.28208087,4175,1456649.28208087,171665.46691913,20211.94196228,138507.12095685,0,18.394,9688.271,3239.739,0
201410,千立方公尺,1575709.121431808,34113,1541596.121431808,1304751.51349153,6214,1298537.51349153,295195.95350847,27173.22881784,179862.42269063,0,146.618,39612.221,48401.463,0,132444.75,34113,98331.75,123.17128652,114761.89871348,107,40341.84871348,0,0,29209.988,45103.062,0,1541596.121431808,1730925,1304628.34220501,6214,1298414.34220501,180434.05479499,27066.22881784,139520.57397715,0,146.618,10402.233,3298.401,0
201411,千立方公尺,1487617.0013593114,30526,1457091.0013593114,1081967.44356961,8319,1073648.44356961,301071.57343039,23876.69103099,178455.9643994,0,271.736,41285.964,57181.218,0,141742.375,30526,111216.375,140.4246573,124211.8893427,178.068,39762.5513427,0,0,30630.497,53640.773,0,1457091.0013593114,1466388,1081827.01891231,8319,1073508.01891231,176859.68408769,23698.62303099,138693.4130567,0,271.736,10655.467,3540.445,0
201412,千立方公尺,1410390.6588128682,32392,1377998.6588128682,1083569.28883375,4225,1079344.28883375,339256.92616625,22869.72707579,197388.38609046,0,567.887,44215.555,74215.371,0,184479.625,32392,152087.625,213.45115169,146561.51384831,98,43967.98684831,0,0,32727.694,69767.833,0,1377998.6588128682,1561795,1083355.83768206,4225,1079130.83768206,192695.41231794,22771.72707579,153420.39924215,0,567.887,11487.861,4447.538,0
201501,千立方公尺,1428298.8613502493,30941,1397357.8613502493,1028016.98274658,4369,1023647.98274658,361754.73025342,26356.75219837,202345.99905505,0,775.246,46876.967,85399.766,0,175965.875,30941,145024.875,175.33111798,159832.49688202,96,44231.77688202,0,0,35228.985,80275.735,0,1397357.8613502493,1416908,1027841.6516286,4369,1023472.6516286,201922.2333714,26260.75219837,158114.22217303,0,775.246,11647.982,5124.031,0
201502,千立方公尺,1082410.4164023562,27987,1054423.4164023562,865739.87594457,4019,861720.87594457,320569.82405543,19518.88493993,169632.3741155,0,745.941,43154.314,87518.31,0,155875.875,27987,127888.875,113.03060674,145988.48639326,216.099,32091.37939326,0,0,32170.241,81510.767,0,1054423.4164023562,1202396,865626.84533783,4019,861607.84533783,174581.33766217,19302.78593993,137540.99472224,0,745.941,10984.073,6007.543,0
201503,千立方公尺,1527656.8495695514,32741,1494915.8495695514,1125637.28549302,4646,1120991.28549302,376316.80350698,34929.49923288,205485.8422741,0,389.647,46221.824,89289.991,0,170630,32741,137889,203.52798876,158337.79001124,143.14,39328.59501124,0,0,35286.716,83579.339,0,1494915.8495695514,1567394,1125433.75750426,4646,1120787.75750426,217979.01349574,34786.35923288,166157.24726286,0,389.647,10935.108,5710.652,0
201504,千立方公尺,1547457.2188491165,29526,1517931.2188491165,1264312.43098726,4909,1259403.43098726,344853.57901274,24977.72332935,195179.72568339,0,270.291,43035.506,81390.333,0,143884.5,29526,114358.5,183.44171348,149944.89828652,166.2,41151.16328652,0,0,32707.111,75920.424,0,1517931.2188491165,1615889,1264128.98927378,4909,1259219.98927378,194908.68072622,24811.52332935,154028.56239687,0,270.291,10328.395,5469.909,0
201505,千立方公尺,1847705.7335749888,29982,1817723.7335749888,1544342.28407045,5791,1538551.28407045,351673.66092955,37289.22864382,203409.79328573,0,61.356,41358.674,69554.609,0,136003.125,29982,106021.125,166.46601124,137428.28898876,124.133,41780.95198876,0,0,31085.594,64437.61,0,1817723.7335749888,1964968,1544175.81805921,5791,1538384.81805921,214245.37194079,37165.09564382,161628.84129697,0,61.356,10273.08,5116.999,0
201506,千立方公尺,1936883.3570457634,28527,1908356.3570457634,1544953.37405341,5743,1539210.37405341,331991.63794659,32480.79677176,201956.45817483,0,36.687,40641.875,56875.821,0,116052,28527,87525,140.8133427,122646.7506573,97.01,39258.2106573,0,0,30675.872,52615.658,0,1908356.3570457634,1941453,1544812.56071071,5743,1539069.56071071,209344.88728929,32383.78677176,162698.24751753,0,36.687,9966.003,4260.163,0
201507,千立方公尺,1980808.8459447213,29109,1951699.8459447213,1600962.55598924,5886,1595076.55598924,324369.47401076,30127.3211307,206006.70688006,0,27.031,39429.468,48778.947,0,117498,29109,88389,165.40716292,117348.93483708,104.1,42381.11883708,0,0,29566.402,45297.314,0,1951699.8459447213,1936322,1600797.14882632,5886,1594911.14882632,207020.53917368,30023.2211307,163625.58804298,0,27.031,9863.066,3481.633,0
201508,千立方公尺,1772303.4272768465,30352,1741951.4272768465,1410429.32436688,5805,1404624.32436688,322284.17363312,36850.09791859,200344.67871453,0,28.902,38519.615,46540.88,0,117104.125,30352,86752.125,170.0741573,112529.4448427,108.089,40715.4558427,0,0,28553.702,43152.198,0,1741951.4272768465,1798252,1410259.25020958,5805,1404454.25020958,209754.72879042,36742.00891859,159629.22287183,0,28.902,9965.913,3388.682,0
201509,千立方公尺,1447247.3235160853,29669,1417578.3235160853,1311641.28090063,4683,1306958.28090063,307824.38409937,29206.1006606,193126.07243877,0,83.554,38370.542,47038.115,0,121085.375,29669,91416.375,158.25070225,112437.02029775,109.059,40490.91729775,0,0,28523.446,43313.598,0,1417578.3235160853,1634388,1311483.03019838,4683,1306800.03019838,195387.36380162,29097.0416606,152635.15514102,0,83.554,9847.096,3724.517,0
201510,千立方公尺,1711419.017217943,33013,1678406.017217943,1374349.60528309,5214,1369135.60528309,327320.55271691,32568.55760652,203079.78011039,0,139.926,39524.289,52008,0,136848.25,33013,103835.25,170.77289326,120934.46210674,111.043,42997.24210674,0,0,29533.966,48292.211,0,1678406.017217943,1715948,1374178.83238983,5214,1368964.83238983,206386.09061017,32457.51460652,160082.53800365,0,139.926,9990.323,3715.789,0
201511,千立方公尺,1509724.5555052108,34202,1475522.5555052108,1201669.60994531,3167,1198502.60994531,319580.79305469,26045.94219885,195300.44085584,0,184.723,41664.568,56385.119,0,136919,34202,102717,175.01755618,126481.88944382,110.078,42570.86244382,0,0,31254.182,52546.767,0,1475522.5555052108,1575845,1201494.59238913,3167,1198327.59238913,193098.90361087,25935.86419885,152729.57841202,0,184.723,10410.386,3838.352,0
201512,千立方公尺,1529597.536021749,37726,1491871.536021749,1171693.28599635,4390,1167303.28599635,340896.71500365,24773.56194615,203922.3980575,0,569.609,43114.706,68516.44,0,155105.125,37726,117379.125,225.69030899,141977.92569101,162.055,45924.70769101,0,0,31623.324,64267.839,0,1491871.536021749,1618020,1171467.59568736,4390,1167077.59568736,198918.78931264,24611.50694615,157997.69036649,0,569.609,11491.382,4248.601,0
201601,千立方公尺,1519195.064340734,30381,1488814.064340734,1132960.37465708,3970,1128990.37465708,360967.74634292,21256.80208251,211018.35926041,0,798.31,48128.148,79766.127,0,148671.375,30381,118290.375,188.0622191,157728.1887809,99.107,46496.7867809,0,0,36464.627,74667.668,0,1488814.064340734,1544375,1132772.31243798,3970,1128802.31243798,203239.55756202,21157.69508251,164521.57247951,0,798.31,11663.521,5098.459,0
201602,千立方公尺,1191794.0194834617,29383,1162411.0194834617,860126.60235111,880,859246.60235111,332839.49364889,17951.43102829,181492.1066206,0,936.213,44621.541,87838.202,0,140715.25,29383,111332.25,129.79311798,148094.25688202,119,32257.00288202,0,0,33674.708,82043.546,0,1162411.0194834617,1268771,859996.80923313,880,859116.80923313,184745.23676687,17832.43102829,149235.10373858,0,936.213,10946.833,5794.656,0
201603,千立方公尺,1350037.8477571364,29990,1320047.8477571364,998243.44652476,0,998243.44652476,378202.68847524,15186.89007922,217062.43439602,0,648.667,46896.785,98407.912,0,153491.375,29990,123501.375,203.03286517,173649.28413483,161.12,45878.26113483,0,0,35462.612,92147.291,0,1320047.8477571364,1409078,998040.41365959,0,998040.41365959,204553.40434041,15025.77007922,171184.17326119,0,648.667,11434.173,6260.621,0
201604,千立方公尺,1583233.2528318984,29107,1554126.2528318984,1174034.61493829,0,1174034.61493829,357956.87206171,18111.26221319,203293.81084852,0,367.339,44811.191,91373.269,0,122548.375,29107,93441.375,152.82331461,164651.34568539,160.047,45013.92868539,0,0,34116.861,85360.509,0,1554126.2528318984,1539329,1173881.79162368,0,1173881.79162368,193305.52637632,17951.21521319,158279.88216313,0,367.339,10694.33,6012.76,0
201605,千立方公尺,1677132.9574082466,20771,1656361.9574082466,1522853.15848495,0,1522853.15848495,352563.16751505,20518.02909051,212393.63342454,0,78.235,43627.883,75945.387,0,126744.875,20771,105973.875,183.49719101,149995.22180899,93.124,46717.49380899,0,0,32151.243,71033.361,0,1656361.9574082466,1877152,1522669.66129394,0,1522669.66129394,202567.94570606,20424.90509051,165676.13961555,0,78.235,11476.64,4912.026,0
201606,千立方公尺,1879815.6447666516,25544,1854271.6447666516,1555436.8547242,0,1555436.8547242,331702.1232758,20854.20491112,207888.98036468,0,35.82,42310.343,60612.775,0,145265.375,25544,119721.375,199.45926966,131106.41673034,123.068,43457.17573034,0,0,31215.997,56310.176,0,1854271.6447666516,1868686,1555237.39545454,0,1555237.39545454,200595.70654546,20731.13691112,164431.80463434,0,35.82,11094.346,4302.599,0
201607,千立方公尺,1934155.1631173538,25675,1908480.1631173538,1669283.65899611,0,1669283.65899611,325503.44400389,16211.57149497,216939.15350892,0,22.407,40286.837,52043.475,0,113769.25,25675,88094.25,162.90744382,123621.67955618,88.062,45311.20455618,0,0,29765.632,48456.781,0,1908480.1631173538,2015950,1669120.75155229,0,1669120.75155229,201881.76444771,16123.50949497,171627.94895274,0,22.407,10521.205,3586.694,0
201608,千立方公尺,1843887.7888536474,24170,1819717.7888536474,1702008.78855153,0,1702008.78855153,335771.22844847,26108.74471382,223205.96973465,0,29.593,40060.577,46366.344,0,114366.875,24170,90196.875,174.54353933,116991.61746067,112.061,45076.67046067,0,0,28854.502,42948.384,0,1819717.7888536474,2030575,1701834.2450122,0,1701834.2450122,218779.6109878,25996.68371382,178129.29927398,0,29.593,11206.075,3417.96,0
201609,千立方公尺,1971034.888083371,25194,1945840.888083371,1387285.44220221,0,1387285.44220221,317913.72979779,20791.891318,210801.99947979,0,46.05,39909.956,46363.833,0,116896.125,25194,91702.125,166.03174157,114557.22725843,163.04,42112.07325843,0,0,29382.53,42899.584,0,1945840.888083371,1778729,1387119.41046064,0,1387119.41046064,203356.50253936,20628.851318,168689.92622136,0,46.05,10527.426,3464.249,0
201610,千立方公尺,1723850.7412777527,26878,1696972.7412777527,1509219.71348991,5104,1504115.71348991,337913.13651009,23769.40881628,223814.55469381,0,85.087,40387.838,49856.248,0,128516.125,26878,101638.125,375.52766854,119976.22633146,136,43860.95733146,0,0,29802.669,46176.6,0,1696972.7412777527,1962031,1508844.18582137,5104,1503740.18582137,217936.91017863,23633.40881628,179953.59736235,0,85.087,10585.169,3679.648,0
201611,千立方公尺,1638535.1762573628,27122,1611413.1762573628,1312432.2300459,4101,1308331.2300459,346641.5559541,23901.95047043,224508.90648367,0,267.983,41843.959,56118.757,0,141525.5,27122,114403.5,153.79213483,128046.54786517,84.06,44845.55486517,0,0,30949.298,52167.635,0,1611413.1762573628,1692209,1312278.43791107,4101,1308177.43791107,218595.00808893,23817.89047043,179663.3516185,0,267.983,10894.661,3951.122,0
201612,千立方公尺,1753048.6415949252,27256,1725792.6415949252,1397805.2563255,0,1397805.2563255,359612.4826745,18514.91597972,230805.26569478,0,469.341,44651.378,65171.582,0,169817.125,27256,142561.125,125.84859551,141503.05240449,93.059,46808.41540449,0,0,33792.039,60809.539,0,1725792.6415949252,1874671,1397679.40772999,0,1397679.40772999,218109.43027001,18421.85697972,183996.85029029,0,469.341,10859.339,4362.043,0
201701,千立方公尺,1661765.9814227459,24143,1637622.9814227459,1272571.99750407,0,1272571.99750407,369663.06749593,23173.3432128,223407.29728313,0,719.297,45986.7,76376.43,0,172375.25,24143,148232.25,147.74620787,150276.34379213,79,43594.04579213,0,0,35162.098,71441.2,0,1637622.9814227459,1565197,1272424.2512962,0,1272424.2512962,219386.7237038,23094.3432128,179813.251491,0,719.297,10824.602,4935.23,0
201702,千立方公尺,1463222.780244676,24668,1438554.780244676,1060827.87256599,0,1060827.87256599,359043.73443401,22389.674923,207543.30351101,0,739.786,44690.642,83680.328,0,163849.625,24668,139181.625,236.1261236,148574.7198764,98,36409.7658764,0,0,34030.532,78036.422,0,1438554.780244676,1408134,1060591.74644239,0,1060591.74644239,210469.01455761,22291.674923,171133.53763461,0,739.786,10660.11,5643.906,0
201703,千立方公尺,1707228.6094245582,26243,1680985.6094245582,1261966.00512247,4161,1257805.00512247,415550.18887753,35137.01294708,241554.73493045,0,551.796,46376.873,91929.772,0,184725.125,26243,158482.125,164.37668539,168278.92631461,181.23,47179.14631461,0,0,34965.243,85953.307,0,1680985.6094245582,1693606,1261801.62843708,4161,1257640.62843708,247271.26256292,34955.78294708,194375.58861584,0,551.796,11411.63,5976.465,0
201704,千立方公尺,1692465.0539193475,19162,1673303.0539193475,1234319.16628868,1856,1232463.16628868,401768.16771132,37405.93750575,230597.58420557,0,339.799,47126.511,86298.336,0,157628.125,19162,138466.125,194.81025281,163443.27674719,109,46570.59374719,0,0,36206.367,80557.316,0,1673303.0539193475,1620253,1234124.35603587,1856,1232268.35603587,238324.89096413,37296.93750575,184026.99045838,0,339.799,10920.144,5741.02,0
201705,千立方公尺,1856125.8663343906,23421,1832704.8663343906,1585040.42890293,0,1585040.42890293,368513.87409707,21446.77522095,227732.99687612,0,96.493,43073.754,76163.855,0,146673.75,23421,123252.75,181.85154494,150264.06445506,131,46903.71645506,0,0,31879.302,71350.046,0,1832704.8663343906,1942896,1584858.57735799,0,1584858.57735799,218249.80964201,21315.77522095,180829.28042106,0,96.493,11194.452,4813.809,0
201706,千立方公尺,1974999.666515632,23432,1951567.666515632,1596976.04248071,0,1596976.04248071,364854.42951929,26778.83304005,229058.32847924,0,41.484,43783.093,65192.691,0,136863.5,23432,113431.5,246.67907303,139986.13492697,74,46440.57892697,0,0,32711.467,60760.089,0,1951567.666515632,1964404,1596729.36340768,0,1596729.36340768,224868.29459232,26704.83304005,182617.74955227,0,41.484,11071.626,4432.602,0
201707,千立方公尺,1997687.2510194834,24429,1973258.2510194834,1761318.50700791,923,1760395.50700791,366563.65599209,28273.44359553,236229.39039656,0,29.938,43278.457,58752.427,0,128413.875,24429,103984.875,167.65449438,135106.90650562,79,47890.93050562,0,0,32294.724,54842.252,0,1973258.2510194834,2091218,1761150.85251353,923,1760227.85251353,231456.74948647,28194.44359553,188338.45989094,0,29.938,10983.733,3910.175,0
201708,千立方公尺,2256495.788400544,24435,2232060.788400544,1853628.55117076,4735,1848893.55117076,363560.16582924,29164.62061506,242735.70121418,0,35.194,41346.717,50277.933,0,127359,24435,102924,195.3991573,125621.0068427,82.057,48611.3678427,0,0,30358.487,46569.095,0,2232060.788400544,2161804,1853433.15201346,4735,1848698.15201346,237939.15898654,29082.56361506,194124.33337148,0,35.194,10988.23,3708.838,0
201709,千立方公尺,2024006.982782057,23573,2000433.982782057,1768132.97272933,4211,1763921.97272933,354777.33127067,29234.52906384,237219.59120683,0,31.374,41443.728,46848.109,0,127026.875,23573,103453.875,185.46657303,121338.99942697,146.102,47114.01242697,0,0,30724.019,43354.866,0,2000433.982782057,2065387,1767947.5061563,4211,1763736.5061563,233438.3318437,29088.42706384,190105.57877986,0,31.374,10719.709,3493.243,0
201710,千立方公尺,1988545.138196647,20720,1967825.138196647,1525363.87534122,4711,1520652.87534122,360998.93665878,31701.14050716,241945.32015162,0,102.637,41011.806,46238.033,0,138714.5,20720,117994.5,106.2991573,120351.6388427,72.043,47503.1548427,0,0,30065.94,42710.501,0,1967825.138196647,1886135,1525257.57618392,4711,1520546.57618392,240647.29781608,31629.09750716,194442.16530892,0,102.637,10945.866,3527.532,0
201711,千立方公尺,1806954.1123697327,19018,1787936.1123697327,1457594.34560305,6846,1450748.34560305,380153.64139695,33738.05797227,247601.62042468,0,315.004,44613.257,53885.702,0,157520.125,19018,138502.125,208.36320225,131657.47679775,109,48836.67779775,0,0,32633.009,50078.79,0,1787936.1123697327,1889676,1457385.9824008,6846,1450539.9824008,248496.1645992,33629.05797227,198764.94262693,0,315.004,11980.248,3806.912,0
201712,千立方公尺,1807975.1875849569,12457,1795518.1875849569,1478318.58061608,13284,1465034.58061608,413199.92738392,26296.86630366,273298.73308026,0,681.351,45992.922,66930.055,0,191579.5,12457,179122.5,130.20463483,148026.18036517,116.058,51272.81236517,0,0,34392.072,62245.238,0,1795518.1875849569,2029935,1478188.37598125,13284,1464904.37598125,265173.74701875,26180.80830366,222025.92071509,0,681.351,11600.85,4684.817,0
201801,千立方公尺,1925660.805183507,9864.72,1915796.085183507,1427737.44845302,14655.952,1413081.49645302,435254.34154698,27874.29537037,273117.78617661,0,859.612,47279.369,86123.279,0,195360.669,9864.72,185495.949,0,167750.851,107.768,52352.905,0,0,35038.218,80251.96,0,1915796.085183507,1785051.581,1427737.44845302,14655.952,1413081.49645302,267503.49054698,27766.52737037,220764.88117661,0,859.612,12241.151,5871.319,0
201802,千立方公尺,1514113.5067367468,10345.224,1503768.2827367468,1196865.38129028,7068.665,1189796.71629028,386778.14570972,21066.97067569,228312.94603403,0,937.072,44186.14,92275.017,0,182216.7705,10345.224,171871.5465,11.89507303,158951.71892697,82.119,39650.66892697,0,0,33401.466,85817.465,0,1503768.2827367468,1575225.195,1196853.48621725,7068.665,1189784.82121725,227826.42678275,20984.85167569,188662.27710706,0,937.072,10784.674,6457.552,0
201803,千立方公尺,1860656.304873584,16709.608,1843946.696873584,1548760.91824914,6523,1542237.91824914,443324.46275086,30183.28950216,267059.1942487,0,579.774,44743.934,100758.271,0,187403.41,16709.608,170693.802,4.88128652,177515.51771348,104.542,49911.87771348,0,0,33463.065,94036.033,0,1843946.696873584,1945524.398,1548756.03696262,6523,1542233.03696262,265808.94503738,30078.74750216,217147.31653522,0,579.774,11280.869,6722.238,0
201804,千立方公尺,2040625.660004078,15529.747,2025095.913004078,1527150.8609214,7119,1520031.8609214,415916.7890786,25347.22425386,252292.64182474,0,331.314,44903.127,93042.482,0,160721.831875,15529.747,145192.084875,0,170957.106,133.98,50120.782,0,0,33810.455,86891.889,0,2025095.913004078,1896551.425,1527150.8609214,7119,1520031.8609214,244959.6830786,25213.24425386,202171.85982474,0,331.314,11092.672,6150.593,0
201805,千立方公尺,2105055.344392841,18015.725,2087039.619392841,1702697.51416941,1228,1701469.51416941,413522.93983059,25552.24825119,266992.3105794,0,109.519,40885.219,79983.643,0,150582.2195,18015.725,132566.4945,0.05058989,157499.56841011,160.125,51452.53341011,0,0,31137.509,74749.401,0,2087039.619392841,2062500.349,1702697.46357952,1228,1701469.46357952,256023.37142048,25392.12325119,215539.77716929,0,109.519,9747.71,5234.242,0
201806,千立方公尺,2119795.9721314,16825.442,2102970.5301314,1537581.08567707,1666,1535915.08567707,392700.87032293,28809.91620913,258194.0661138,0,84.107,39811.488,65801.293,0,137927.888375,16825.442,121102.446375,0,142665.18,216.829,50711.224,0,0,30337.024,61400.103,0,2102970.5301314,1911535.211,1537581.08567707,1666,1535915.08567707,250035.69032293,28593.08720913,207482.8421138,0,84.107,9474.464,4401.19,0
201807,千立方公尺,1965119.8079225192,18262.155,1946857.6529225192,1647858.41042473,4101.509,1643756.90142473,394138.05257527,32893.0643784,265082.53119687,0,66.036,38679.163,57417.258,0,135054.9705,18262.155,116792.8155,0,134282.129,150.477,51276.961,0,0,29439.056,53415.635,0,1946857.6529225192,1994978.095,1647858.41042473,4101.509,1643756.90142473,259855.92357527,32742.5873784,213805.57019687,0,66.036,9240.107,4001.623,0
201808,千立方公尺,2068389.5389134571,20225.026,2048164.5129134571,1634057.00352029,1461.25,1632595.75352029,397814.84347971,27771.6994996,278845.06798011,0,66.654,38742.915,52388.507,0,139248.38575,20225.026,119023.35975,156.34815169,131001.94984831,220.417,53524.07084831,0,0,28968.635,48288.827,0,2048164.5129134571,2028457.524,1633900.6553686,1461.25,1632439.4053686,266812.8936314,27551.2824996,225320.9971318,0,66.654,9774.28,4099.68,0
201809,千立方公尺,1539723.6186887178,18844.978,1520878.6406887178,1392861.33414263,6909,1385952.33414263,388050.80285737,31854.21770547,264311.9031519,0,88.086,38519.923,53276.673,0,137047.320625,18844.978,118202.342625,157.40481461,128541.02118539,152.039,50271.97918539,0,0,29141.674,48975.329,0,1520878.6406887178,1771793.887,1392703.92932802,6909,1385794.92932802,259509.78167198,31702.17870547,214039.92396651,0,88.086,9378.249,4301.344,0
201810,千立方公尺,1873668.7140289985,18266.666,1855402.0480289985,1408467.29218333,7227,1401240.29218333,404032.08981667,41321.21170627,268653.6531104,0,229.6,38709.362,55118.263,0,163332.7115,18266.666,145066.0455,256.31614466,133267.74885534,171.438,53368.30185534,0,0,28966.592,50761.417,0,1855402.0480289985,1838021.685,1408210.97603867,7227,1400983.97603867,270764.34096133,41149.77370627,215285.35125506,0,229.6,9742.77,4356.846,0
201811,千立方公尺,1793463.1205188038,15820.855,1777642.2655188038,1412782.58140892,6829,1405953.58140892,410216.73959108,41135.27568734,262082.81290374,0,383.71,42679.231,63935.71,0,166919.122375,15820.855,151098.267375,23.58740169,145119.04459831,140.689,53097.73359831,0,0,32616.283,59264.339,0,1777642.2655188038,1795181.518,1412758.99400723,6829,1405929.99400723,265097.69499277,40994.58668734,208985.07930543,0,383.71,10062.948,4671.371,0
201812,千立方公尺,1822098.9495808791,18876.675,1803222.2745808791,1377926.7889199,9214.18,1368712.6089199,423742.0250801,46739.62110681,261790.47297329,0,620.371,42704.366,71887.194,0,194010.745125,18876.675,175134.070125,90.31695225,153560.73404775,188.221,54094.11504775,0,0,32473.224,66805.174,0,1803222.2745808791,1845146.461,1377836.47196765,9214.18,1368622.29196765,270181.29103235,46551.40010681,207696.35792554,0,620.371,10231.142,5082.02,0
201901,千立方公尺,1997439.9203565926,16012.861,1981427.0593565926,1425038.59653811,8771.59,1416267.00653811,450333.28746189,43203.50360946,279748.63585243,0,725.894,44378.591,82276.663,0,197871.431875,16012.861,181858.570875,222.79506039,166778.44993961,969.852,55957.07893961,0,0,33460.222,76391.297,0,1981427.0593565926,1816677.609,1424815.80147772,8771.59,1416044.21147772,283554.83752228,42233.65160946,223791.55691282,0,725.894,10918.369,5885.366,0
201902,千立方公尺,1463625.2808808338,13828.072,1449797.2088808338,1111694.86688971,9555.18,1102139.68688971,389331.32911029,31734.44079008,225419.82532021,0,696.117,44912.475,86568.471,0,162752.625625,13828.072,148924.553625,118.46729775,157110.17870225,1201.947,40179.61470225,0,0,35202.495,80526.122,0,1449797.2088808338,1481120.034,1111576.39959196,9555.18,1102021.21959196,232221.15040804,30532.49379008,185240.21061796,0,696.117,9709.98,6042.349,0
201903,千立方公尺,1755060.0397018577,11872.346,1743187.6937018577,1315199.1339496,11610.888,1303588.2459496,441648.2180504,27836.22509325,277454.41695715,0,558.261,43076.108,92723.207,0,196051.947125,11872.346,184179.601125,158.31393118,173724.55606882,817.587,53507.07106882,0,0,32982.702,86417.196,0,1743187.6937018577,1741042.09,1315040.82001842,11610.888,1303429.93201842,267923.66198158,27018.63809325,223947.34588833,0,558.261,10093.406,6306.011,0
201904,千立方公尺,1673481.8132351608,12790.83,1660690.9832351608,1460734.68164309,9571.966,1451162.71564309,421946.89635691,25836.09836935,265739.21498756,0,305.308,42655.042,87411.233,0,171936.20325,12790.83,159145.37325,130.00251124,169348.19448876,1310.197,53980.95748876,0,0,32526.759,81530.281,0,1660690.9832351608,1859558.223,1460604.67913185,9571.966,1451032.71313185,252598.70186815,24525.90136935,211758.2574988,0,305.308,10128.283,5880.952,0
201905,千立方公尺,1923699.682173992,16767.394,1906932.288173992,1377999.42768489,10177.271,1367822.15668489,436491.64331511,29225.28085715,282894.18045796,0,157.309,43048.013,81166.86,0,170938.0105,16767.394,154170.6165,134.32042697,166814.82357303,1633.332,56556.07357303,0,0,32813.113,75812.305,0,1906932.288173992,1771375.14,1377865.10725792,10177.271,1367687.83625792,269676.81974208,27591.94885715,226338.10688493,0,157.309,10234.9,5354.555,0
201906,千立方公尺,1545012.5554943363,16825.768,1528186.7874943363,1300257.68394027,10097.094,1290160.58994027,406899.21705973,29801.34194695,265862.20711278,0,90.608,41458.573,69686.487,0,150653.08825,16825.768,133827.32025,149.99322191,151846.89577809,2102.038,53413.12477809,0,0,31516.215,64815.518,0,1528186.7874943363,1656193.752,1300107.69071836,10097.094,1290010.59671836,255052.32128164,27699.30394695,212449.08233469,0,90.608,9942.358,4870.969,0
201907,千立方公尺,2080569.6663792478,17129.757,2063439.9093792478,1632371.49418724,10142.292,1622229.20218724,417096.39181276,34838.38407152,279295.63774124,0,79.265,39535.698,63347.407,0,144688.065375,17129.757,127558.308375,146.80114747,145818.30585253,2358.196,54890.63885253,0,0,29686.204,58883.267,0,2063439.9093792478,1999441.464,1632224.69303977,10142.292,1622082.40103977,271278.08596023,32480.18807152,224404.99888871,0,79.265,9849.494,4464.14,0
201908,千立方公尺,1813896.801655188,16126.779,1797770.022655188,1492389.16788145,6182.74,1486206.42788145,407569.25511855,33647.20725806,279937.34086049,0,85.638,39262.91,54636.159,0,144639.784875,16126.779,128513.005875,198.82797753,136729.35302247,2409.322,54563.23802247,0,0,29444.889,50311.904,0,1797770.022655188,1900686.985,1492190.33990392,6182.74,1486007.59990392,270839.90209608,31237.88525806,225374.10283802,0,85.638,9818.021,4324.255,0
201909,千立方公尺,1931576.7969732668,14665.56,1916911.2369732668,1390630.24575174,2366.27,1388263.97575174,396077.41424826,35412.52744416,266953.8428041,0,112.302,39794.437,53804.305,0,144511.23525,14665.56,129845.67525,953.61447191,132805.51052809,1952.359,51319.97852809,0,0,30083.015,49450.158,0,1916911.2369732668,1814223.14,1389676.63127983,2366.27,1387310.36127983,263271.90372017,33460.16844416,215633.86427601,0,112.302,9711.422,4354.147,0
201910,千立方公尺,1909830.0363810602,11323.499,1898506.5373810602,1556677.50798257,3396.81,1553280.69798257,409043.76801743,36942.70960127,277138.05141616,0,175.708,40470.284,54317.015,0,164550.662375,11323.499,153227.163375,150.18087641,137205.27612359,2122.062,54966.87512359,0,0,30256.277,49860.062,0,1898506.5373810602,1972747.844,1556527.32710616,3396.81,1553130.51710616,271838.49189384,34820.64760127,222171.17629257,0,175.708,10214.007,4456.953,0
201911,千立方公尺,1993563.0954866334,9706.397,1983856.6984866334,1661361.41680459,12291.921,1649069.49580459,422649.33419541,39281.16135608,275714.61883933,0,402.587,43161.683,64089.284,0,177616.52375,9706.397,167910.12675,148.95475,151591.08125,2362.77,56775.71725,0,0,32927.966,59524.628,0,1983856.6984866334,2087876.737,1661212.46205459,12291.921,1648920.54105459,271058.25294541,36918.39135608,218938.90158933,0,402.587,10233.717,4564.656,0
201912,千立方公尺,2152876.3205604893,10173.611,2142702.7095604893,1539613.25495293,12163.477,1527449.77795293,433201.33804707,29898.04678653,285052.78626054,0,735.111,44290.667,73224.727,0,212098.2365,10173.611,201924.6255,234.83706742,163047.49293258,2449.016,59225.70993258,0,0,33478.712,67894.055,0,2142702.7095604893,2050138.572,1539378.41788551,12163.477,1527214.94088551,270153.84511449,27449.03078653,225827.07632796,0,735.111,10811.955,5330.672,0
202001,千立方公尺,1810331.5420589035,9666.132,1800665.4100589035,1406167.42894657,8428.248,1397739.18094657,448782.34505343,48699.01752185,267831.29753158,0,697.342,45588.384,85966.304,0,192488.93925,9666.132,182822.80725,120.06666854,169889.35433146,1779.312,53571.33133146,0,0,34730.043,79808.668,0,1800665.4100589035,1788436.02,1406047.36227803,8428.248,1397619.11427803,278892.99072197,46919.70552185,214259.96620012,0,697.342,10858.341,6157.636,0
202002,千立方公尺,1963280.4790661533,8964.557,1954315.9220661533,1447463.06158212,7466.82,1439996.24158212,465919.39341788,43418.46211225,282196.59630563,0,961.987,45753.686,93588.662,0,200074.14125,8964.557,191109.58425,190.16663202,176999.82236798,1186.012,53440.49736798,0,0,35611.181,86762.132,0,1954315.9220661533,1906336.105,1447272.8949501,7466.82,1439806.0749501,288919.5710499,42232.45011225,228756.09893765,0,961.987,10142.505,6826.53,0
202003,千立方公尺,1884869.849034436,8147.917,1876721.932034436,1602251.04305853,8050.15,1594200.89305853,491245.68894147,47239.8790293,298009.44691217,0,462.621,43232.293,102301.449,0,202485.028375,8147.917,194337.111375,165.19904214,191819.05095786,1399.819,61633.48295786,0,0,33642.33,95143.419,0,1876721.932034436,2062904.311,1602085.84401639,8050.15,1594035.69401639,299426.63798361,45840.0600293,236375.96395431,0,462.621,9589.963,7158.03,0
202004,千立方公尺,1930731.531035342,8700.285,1922031.246035342,1408357.39037812,5230.23,1403127.16037812,460403.16162188,48266.18308739,275541.04753449,0,413.575,39482.493,96699.863,0,188939.82225,8700.285,180239.53725,150.60357444,182355.65542556,1986.565,59784.02042556,0,0,30477.855,90107.215,0,1922031.246035342,1850246.61,1408206.78680368,5230.23,1402976.55680368,278047.50619632,46279.61808739,215757.02710893,0,413.575,9004.638,6592.648,0
202005,千立方公尺,1912028.619187585,9084.621,1902943.998187585,1630882.10462235,3426.14,1627455.96462235,425203.75837765,40079.05692252,255944.75145513,0,133.047,37221.209,91825.694,0,163494.73875,9084.621,154410.11775,131.0490927,171985.0939073,1927.885,56766.0349073,0,0,28033.955,85257.219,0,1902943.998187585,2038036.489,1630751.05552965,3426.14,1627324.91552965,253218.66447035,38151.17192252,199178.71654783,0,133.047,9187.254,6568.475,0
202006,千立方公尺,2146031.9004218397,9086.233,2136945.6674218397,1617123.13945208,1573.96,1615549.17945208,421437.88054792,44909.46516649,264064.42238143,0,74.559,37788.379,74601.055,0,145503.463,9086.233,136417.23,184.92126405,154866.90373595,2167.612,55175.02373595,0,0,28250.348,69273.92,0,2136945.6674218397,1994092.534,1616938.21818803,1573.96,1615364.25818803,266570.97681197,42741.85316649,208889.39864548,0,74.559,9538.031,5327.135,0
202007,千立方公尺,1993983.7370756684,9024.018,1984959.7190756684,1692121.06096661,3862.32,1688258.74096661,416093.17403339,38241.180119,276533.70591439,0,60.629,38067.818,63189.841,0,147913.850625,9024.018,138889.832625,200.44909691,147629.55090309,2443.192,58362.95390309,0,0,28457.249,58366.156,0,1984959.7190756684,2081007.183,1691920.6118697,3862.32,1688058.2918697,268463.6231303,35797.988119,218170.7520113,0,60.629,9610.569,4823.685,0
202008,千立方公尺,2021346.1677924786,8979.074,2012367.0937924786,1630355.84270595,4407,1625948.84270595,422138.95329405,43022.11278965,285883.5295044,0,73.694,39137.734,54021.883,0,148424.701625,8979.074,139445.627625,218.20954494,140255.64745506,2076.946,59389.93645506,0,0,29006.527,49782.238,0,2012367.0937924786,2026927.462,1630137.63316101,4407,1625730.63316101,281883.30583899,40945.16678965,226493.59304934,0,73.694,10131.207,4239.645,0
202009,千立方公尺,1976626.7365269598,9000.645,1967626.0915269598,1522559.07144576,5431.48,1517127.59144576,427408.79555424,43374.88261866,291396.54093558,0,91.31,38847.393,53698.669,0,153544.864875,9000.645,144544.219875,167.47381461,138532.76518539,1975.643,58396.49018539,0,0,28899.44,49261.192,0,1967626.0915269598,1919919.534,1522391.59763115,5431.48,1516960.11763115,288876.03036885,41399.23961866,233000.05075019,0,91.31,9947.953,4437.477,0
202010,千立方公尺,2003350.6535047576,8622.755,1994727.8985047576,1596134.05613538,4825.36,1591308.69613538,440353.21786462,48010.50358406,294893.54528056,0,147.529,40690.288,56611.352,0,171940.907375,8622.755,163318.152375,97.24714045,143323.49585955,1793.632,58675.90885955,0,0,30947.211,51906.744,0,1994727.8985047576,2065283.005,1596036.80899493,4825.36,1591211.44899493,297029.72200507,46216.87158406,236217.63642101,0,147.529,9743.077,4704.608,0
202011,千立方公尺,1934985.901864522,7684.345,1927301.556864522,1633676.88597938,1750.24,1631926.64597938,451597.66602062,46247.79691398,297655.85910664,0,329.836,42138.213,65225.961,0,178168.524625,7684.345,170484.179625,28.99464045,154281.68335955,1819.661,60176.59135955,0,0,31992.184,60293.247,0,1927301.556864522,2073793.476,1633647.89133893,1750.24,1631897.65133893,297315.98266107,44428.13591398,237479.26774709,0,329.836,10146.029,4932.714,0
202012,千立方公尺,2208343.333816493,8379.419,2199963.914816493,1690126.56192155,3043.73,1687082.83192155,481020.53507845,46383.92504105,314197.0200374,0,545.588,44241.63,75652.372,0,219929.093375,8379.419,211549.674375,88.8932191,170471.2757809,1858.599,64961.1417809,0,0,33341.232,70310.303,0,2199963.914816493,2193303.976,1690037.66870245,3043.73,1686993.93870245,310549.25929755,44525.32604105,249235.8782565,0,545.588,10900.398,5342.069,0
202101,千立方公尺,2026012.8619583145,8885.146,2017127.7159583145,1592072.03857909,3327.48,1588744.55857909,524359.63542091,53543.93847408,330151.49094683,0,1072.675,48163.848,91427.683,0,231754.961875,8885.146,222869.815875,105.78417275,193399.50682725,1522.677,70920.56682725,0,0,36385.162,84571.101,0,2017127.7159583145,2057557.276,1591966.25440634,3327.48,1588638.77440634,330960.12859366,52021.26147408,259230.92411958,0,1072.675,11778.686,6856.582,0
202102,千立方公尺,1843363.826576348,8605.682,1834758.144576348,1222521.30489934,7149.62,1215371.68489934,464396.92710066,51360.42704395,270359.00805671,0,857.31,43883.296,97936.886,0,179544.185,8605.682,170938.503,54.91970084,177143.42129916,1358.733,51809.43729916,0,0,33326.3,90648.951,0,1834758.144576348,1670360.326,1222466.3851985,7149.62,1215316.7651985,287253.5058015,50001.69404395,218549.57075755,0,857.31,10556.996,7287.935,0
202103,千立方公尺,1958979.661926144,9084.753,1949894.908926144,1625185.84200823,7341.02,1617844.82200823,533079.87999177,51590.94599586,334735.54099591,0,507.568,44485.838,101759.987,0,209893.210875,9084.753,200808.457875,124.96223174,193852.54176826,1264.565,64705.79376826,0,0,33790.228,94091.955,0,1949894.908926144,2163577.241,1625060.87977649,7341.02,1617719.85977649,339227.33822351,50326.38099586,270029.74722765,0,507.568,10695.61,7668.032,0
202104,千立方公尺,1997072.460428636,9351.098,1987721.362428636,1570235.72983381,9172.56,1561063.16983381,503936.91316619,48445.6421634,316761.73600279,0,270.919,44122.61,94336.006,0,185822.568125,9351.098,176471.470125,31.79251405,188726.51948595,1807.45,65915.18048595,0,0,33543.527,87460.362,0,1987721.362428636,2049935.696,1570203.93731976,9172.56,1561031.37731976,315210.39368024,46638.1921634,250846.55551684,0,270.919,10579.083,6875.644,0
202105,千立方公尺,2434509.130349343,9741.463,2424767.667349343,1757219.86057195,4187.22,1753032.64057195,488721.15242805,42653.24504976,321354.44937829,0,121.165,40624.715,83967.578,0,163430.1475,9741.463,153688.6845,0,176671.963,1951.987,65866.408,0,0,31119.649,77733.919,0,2424767.667349343,2212272.524,1757219.86057195,4187.22,1753032.64057195,312049.18942805,40701.25804976,255488.04137829,0,121.165,9505.066,6233.659,0
202106,千立方公尺,2045376.9478586316,9457.932,2035919.0158586316,1657470.92227309,1369.67,1656101.25227309,470437.28472691,48584.05337535,322970.37435156,0,75.444,30549.636,68257.777,0,151640.565375,9457.932,142182.633375,40.96583427,153431.31216573,1810.244,65523.36316573,0,0,23133.68,62964.025,0,2035919.0158586316,2089824.583,1657429.95643882,1369.67,1656060.28643882,317005.97256118,46773.80937535,257447.01118583,0,75.444,7415.956,5293.752,0
202107,千立方公尺,2349787.3020444043,9703.636,2340083.6660444043,1875643.67377713,3391.8,1872251.87377713,473104.97322287,51350.03423725,329993.89998562,0,66.029,26806.583,64888.427,0,150861.48325,9703.636,141157.84725,78.31107303,146262.94092697,1767.125,65634.06392697,0,0,19281.502,59580.25,0,2340083.6660444043,2321824.637,1875565.3627041,3391.8,1872173.5627041,326842.0322959,49582.90923725,264359.83605865,0,66.029,7525.081,5308.177,0
202108,千立方公尺,2207653.4814526505,9653.738,2197999.7434526505,1808784.1802438,5980.04,1802804.1402438,469432.4581962,47359.80865537,332499.27954083,0,73.085,29377.453,60122.832,0,157890.632,9653.738,148236.894,75.15935112,145344.80564888,1714.88,67976.23064888,0,0,20662.648,54991.047,0,2197999.7434526505,2264062.425,1808709.02089268,5980.04,1802728.98089268,324087.65254732,45644.92865537,264523.04889195,0,73.085,8714.805,5131.785,0
202109,千立方公尺,2204609.0699791573,8666.932,2195942.1379791573,1766921.8034872,7076.64,1759845.1634872,459223.5722728,45571.88598547,321857.11828733,0,75.44,32330.343,59388.785,0,151490.3305,8666.932,142823.3985,21.93385393,145308.26814607,2121.667,65953.35914607,0,0,23133.578,54099.664,0,2195942.1379791573,2226156.261,1766899.86963327,7076.64,1759823.22963327,313915.30412673,43450.21898547,255903.75914126,0,75.44,9196.765,5289.121,0
202110,千立方公尺,2351868.321332578,8399.323,2343468.998332578,1885685.17851726,6985.46,1878699.71851726,467363.27108274,40583.56824902,334802.90183372,0,128.12,34945.988,56902.693,0,170892.535375,8399.323,162493.212375,49.20040871,146559.11359129,1668.534,67598.61359129,0,0,25262.66,52029.306,0,2343468.998332578,2366933.766,1885635.97810855,6985.46,1878650.51810855,320804.15749145,38915.03424902,267204.28824243,0,128.12,9683.328,4873.387,0
202111,千立方公尺,2209143.404275487,9017.148,2200126.256275487,1837670.50320385,7824.31,1829846.19320385,495518.27226615,49791.85333409,342173.90093206,0,460.605,39604.002,63487.911,0,192066.5145,9017.148,183049.3665,63.96821489,156878.93278511,1833.27,68112.39978511,0,0,28708.655,58224.608,0,2200126.256275487,2344447.646,1837606.53498896,7824.31,1829782.22498896,338639.33948104,47958.58333409,274061.50114695,0,460.605,10895.347,5263.303,0
202112,千立方公尺,2456721.810859538,9629.081,2447092.729859538,1791172.92409827,7312.34,1783860.58409827,515621.24660173,44868.29465516,348515.97694657,0,709.822,44389.874,77137.279,0,229265.739125,9629.081,219636.658125,79.59864045,178508.42835955,2123.993,71587.47835955,0,0,33176.364,71620.593,0,2447092.729859538,2372050.826,1791093.32545782,7312.34,1783780.98545782,337112.81824218,42744.30165516,276928.49858702,0,709.822,11213.51,5516.686,0
202201,千立方公尺,2060730.7988627095,8482.63,2052248.1688627095,1733150.13365827,7552.64,1725597.49365827,534760.46377173,51754.94296647,342150.39180526,0,941.246,46019.45,93894.433,0,223369.6855,8482.63,214887.0555,120.53446629,196193.37153371,1917.892,72782.68553371,0,0,34884.213,86608.581,0,2052248.1688627095,2196079.777,1733029.59919198,7552.64,1725476.95919198,338567.09223802,49837.05096647,269367.70627155,0,941.246,11135.237,7285.852,0
202202,千立方公尺,1942483.9505043046,7106.709,1935377.2415043046,1406670.483702,6315.53,1400354.953702,484296.833948,37111.98683375,305889.25511425,0,881.67,42445.79,97968.132,0,198245.8335,7106.709,191139.1245,180.82895225,180841.71604775,1129.667,57633.43704775,0,0,31621.345,90457.267,0,1935377.2415043046,1848487.145,1406489.65474975,6315.53,1400174.12474975,303455.11790025,35982.31983375,248255.8180665,0,881.67,10824.445,7510.865,0
202203,千立方公尺,2252253.903396919,7019.451,2245234.452396919,1790310.87906031,5585.54,1784725.33906031,583739.67075969,60862.2311404,372756.98761929,0,576.33,44106.991,105437.131,0,214706.187,7019.451,207686.736,262.05806882,202903.53793118,1289.611,71088.57093118,0,0,33496.413,97028.943,0,2245234.452396919,2333642.643,1790048.82099149,5585.54,1784463.28099149,380836.13282851,59572.6201404,301668.41668811,0,576.33,10610.578,8408.188,0
202204,千立方公尺,2298456.0714639783,7356.103,2291099.9684639783,1567852.58305499,4151.31,1563701.27305499,530053.30183501,36335.34986149,352190.99997352,0,421.622,42386.434,98718.896,0,198158.1235,7356.103,190802.0205,152.76280899,196971.56719101,1925.116,71297.26119101,0,0,32355.111,91394.079,0,2291099.9684639783,2104789.937,1567699.820246,4151.31,1563548.510246,333081.734644,34410.23386149,280893.73878251,0,421.622,10031.323,7324.817,0
202205,千立方公尺,2224835.2348658814,8431.427,2216403.8078658814,1665921.51365364,3645,1662276.51365364,528452.51938636,37205.99649316,361127.4128932,0,197.023,38901.051,91021.036,0,192668.123,8431.427,184236.696,135.35839045,187218.00260955,1810.355,71678.74960955,0,0,29633.334,84095.564,0,2216403.8078658814,2193802.908,1665786.15526319,3645,1662141.15526319,341234.51677681,35395.64149316,289448.66328365,0,197.023,9267.717,6925.472,0
202206,千立方公尺,2107500.7271377437,8025.999,2099474.7281377437,1804676.51708748,2530.26,1802146.25708748,494003.56207252,43855.34503436,333682.71203816,0,76.171,35824.712,80564.622,0,167896.642875,8025.999,159870.643875,101.33376405,172391.09223595,1767.526,69066.56423595,0,0,26914.848,74642.154,0,2099474.7281377437,2257679.979,1804575.18332343,2530.26,1802044.92332343,321612.46983657,42087.81903436,264616.14780221,0,76.171,8909.864,5922.468,0
202207,千立方公尺,2520486.4026828275,8159.783,2512326.6196828275,2028703.0605933,2590.44,2026112.6205933,488528.6859567,45374.74366663,334752.15229007,0,61.217,35366.142,72974.431,0,161497.155875,8159.783,153337.372875,117.12056742,165681.29943258,2131.807,70066.58643258,0,0,26221.345,67261.561,0,2512326.6196828275,2505983.179,2028585.94002588,2590.44,2025995.50002588,322847.38652412,43242.93666663,264685.56585749,0,61.217,9144.797,5712.87,0
202208,千立方公尺,2365003.6715242413,8312.482,2356691.1895242413,2000138.63877577,7833,1992305.63877577,477897.22032423,49744.80563836,332767.22368587,0,74.339,36691.845,58619.007,0,156761.434,8312.482,148448.952,90.07964045,150867.24535955,2010.581,68078.71835955,0,0,26913.076,53864.87,0,2356691.1895242413,2445321.131,2000048.55913532,7833,1992215.55913532,327029.97496468,47734.22463836,264688.50532632,0,74.339,9778.769,4754.137,0
202209,千立方公尺,2379626.1336443134,8451.879,2371174.2546443134,1852187.10947683,9829.15,1842357.95947683,462157.73247317,47154.87458445,321093.59588872,0,72.605,38440.564,55396.093,0,164656.8555,8451.879,156204.9765,112.25257163,150460.59942837,2272.173,68892.95942837,0,0,28770.832,50524.635,0,2371174.2546443134,2305853.217,1852074.8569052,9829.15,1842245.7069052,311697.1330448,44882.70158445,252200.63646035,0,72.605,9669.732,4871.458,0
202210,千立方公尺,2273375.9461209788,7953.327,2265422.6191209788,1826804.67946903,5020.1,1821784.57946903,489027.84599097,60668.74577684,332960.53621413,0,182.54,37923.76,57292.264,0,179832.398625,7953.327,171879.071625,156.43674438,153042.76825562,1928.927,69770.15625562,0,0,28602.367,52741.318,0,2265422.6191209788,2364306.746,1826648.24272465,5020.1,1821628.14272465,335985.07773535,58739.81877684,263190.37995851,0,182.54,9321.393,4550.946,0
202211,千立方公尺,2108792.2733683735,7737.452,2101054.8213683735,1652919.65463474,2239.65,1650680.00463474,488749.22617526,57465.94624296,324316.0269323,0,278.866,40157.542,66530.845,0,184871.42675,7737.452,177133.97475,19.84397051,161430.73202949,1896.736,68016.06102949,0,0,30264.206,61253.729,0,2101054.8213683735,2166332.656,1652899.81066423,2239.65,1650660.16066423,327318.49414577,55569.21024296,256299.96590281,0,278.866,9893.336,5277.116,0
202212,千立方公尺,2291231.467174445,8763.642,2282467.825174445,1800604.21928125,3467.49,1797136.72928125,527013.63716875,54540.87328587,353498.31788288,0,605.515,42833.174,75535.757,0,237854.354625,8763.642,229090.712625,137.17071489,180046.00028511,1866.357,76056.32128511,0,0,32113.077,70010.245,0,2282467.825174445,2397392.888,1800467.04856636,3467.49,1796999.55856636,346967.63688364,52674.51628587,277441.99659777,0,605.515,10720.097,5525.512,0
202301,千立方公尺,2194486.792546443,7995.97,2186490.822546443,1546888.61366783,4238.04,1542650.57366783,468954.58432217,40076.12444488,295391.37687729,0,641.801,43647.589,89197.693,0,204749.0605,7995.97,196753.0905,51.61676405,179790.66023595,1498.053,62547.26023595,0,0,33572.267,82173.08,0,2186490.822546443,1922786.934,1546836.99690378,4238.04,1542598.95690378,289163.92408622,38578.07144488,232844.11664134,0,641.801,10075.322,7024.613,0
202302,千立方公尺,1938571.6588323516,7676.989,1930894.6698323516,1578041.80090688,3228.95,1574812.85090688,525290.07254312,49288.75022104,332864.12332208,0,1060.602,44212.16,97864.437,0,208772.64475,7676.989,201095.65575,79.30643258,190119.62556742,1206.318,65221.62656742,0,0,33300.108,90391.573,0,1930894.6698323516,2108347.142,1577962.4944743,3228.95,1574733.5444743,335170.4469757,48082.43222104,267642.49675466,0,1060.602,10912.052,7472.864,0
202303,千立方公尺,2377676.8074299954,8685.514,2368991.2934299954,1708500.33659596,3257.59,1705242.74659596,591579.37112404,54926.10859403,381735.68353001,0,720.234,45540.328,108657.017,0,220397.0275,8685.514,211711.5135,78.69690028,211355.53109972,1272.249,74711.72609972,0,0,35113.519,100258.037,0,2368991.2934299954,2298162.919,1708421.63969568,3257.59,1705164.04969568,380223.84002432,53653.85959403,307023.95743029,0,720.234,10426.809,8398.98,0
202304,千立方公尺,2029527.6117317626,8305.876,2021221.7357317626,1599845.71042629,2678.67,1597167.04042629,543457.06540371,50501.45969037,350635.42871334,0,334.795,43202.004,98783.378,0,190621.001125,8305.876,182315.125125,69.22292416,197302.07107584,1503.186,70482.63207584,0,0,33569.131,91747.122,0,2021221.7357317626,2135474.414,1599776.48750213,2678.67,1597097.81750213,346154.99432787,48998.27369037,280152.7966375,0,334.795,9632.873,7036.256,0
202305,千立方公尺,2283086.5937571362,8244.466,2274842.1277571362,1706248.32072196,2541.39,1703706.93072196,541209.81912804,58963.93943357,351046.77269447,0,147.464,42690.976,88360.667,0,182830.435,8244.466,174585.969,86.82845787,185177.89754213,1882.338,68845.09154213,0,0,32710.402,81740.066,0,2274842.1277571362,2190250.669,1706161.49226409,2541.39,1703620.10226409,356031.92158591,57081.60143357,282201.68115234,0,147.464,9980.574,6620.601,0
202306,千立方公尺,2065677.7763307658,7948.486,2057729.2903307658,1703825.55148124,2945.6,1700879.95148124,504424.61627876,49248.53576652,340746.20351224,0,85.355,40882.23,73462.292,0,159606.823375,7948.486,151658.337375,75.12157584,168619.07242416,1911.558,66934.14542416,0,0,31621.678,68151.691,0,2057729.2903307658,2168368.826,1703750.4299054,2945.6,1700804.8299054,335805.5438546,47336.97776652,273812.05808808,0,85.355,9260.552,5310.601,0
202307,千立方公尺,2296192.635660625,6125.409,2290067.226660625,1895170.37081635,4240.26,1890930.11081635,493141.80741365,49314.86974558,340778.51466807,0,89.154,38653.755,64305.514,0,158039.3385,6125.409,151913.9295,84.03135253,159027.58164747,1993.7,68152.94764747,0,0,29652.316,59228.618,0,2290067.226660625,2345948.816,1895086.33946382,4240.26,1890846.07946382,334114.22576618,47321.16974558,272625.5670206,0,89.154,9001.439,5076.896,0
202308,千立方公尺,2430298.2866882644,6829.543,2423468.7436882644,1900795.37369085,3954.3,1896841.07369085,491524.74977915,48425.68428738,348315.34349177,0,81.836,39254.337,55447.549,0,162380.960875,6829.543,155551.417875,40.75344382,151007.23455618,2084.559,68573.52955618,0,0,29590.71,50758.436,0,2423468.7436882644,2356250.451,1900754.62024703,3954.3,1896800.32024703,340517.51522297,46341.12528738,279741.81393559,0,81.836,9663.627,4689.113,0
202309,千立方公尺,2238806.4415577707,6999.394,2231807.0475577707,1751554.79930778,3273.52,1748281.27930778,495057.77116222,59232.61741893,340362.03674329,0,96.759,39322.364,56043.994,0,160335.623875,6999.394,153336.229875,128.8548427,152004.1661573,2052.582,68771.2371573,0,0,30117.049,51063.298,0,2231807.0475577707,2237523.681,1751425.94446508,3273.52,1748152.42446508,343053.60500492,57180.03541893,271590.79958599,0,96.759,9205.315,4980.696,0
